condition_id,environment_type,strain,design_axis,hours,dt_h,record_every_h,fermentation_temp_C,pre_saccharification_h,pre_saccharification_temp_C,inoculation_time_h,initial_pH,kla_h,amylase_activity,glucoamylase_activity,protease_activity,initial_carbohydrate_g_L,initial_fermentable_sugar_g_L,max_fermentable_sugar_g_L,released_fermentable_sugar_g_L,final_carbohydrate_g_L,final_fermentable_sugar_g_L,fermentable_sugar_used_g_L,final_ethanol_g_L,final_co2_g_L,final_retained_co2_g_L,final_biomass_g_L,final_glycerol_g_L,final_acetate_g_L,final_pH,min_pH,max_stress,mean_stress,mean_activity,max_co2_rate_g_L_h,max_ethanol_rate_g_L_h,co2_2h_g_L,co2_4h_g_L,retained_co2_4h_g_L,ethanol_24h_g_L,ethanol_72h_g_L,ethanol_120h_g_L,time_to_50pct_initial_fermentable_depletion_h,time_to_90pct_initial_fermentable_depletion_h,apparent_ethanol_yield_g_g_initial_fermentable_used,apparent_attenuation_fraction,stuck_fermentation_flag,dominant_failure_mode,environment_objective_score,rank_within_environment,total_carbohydrate_consumed_g_L,total_carbohydrate_conversion_fraction,residual_total_carbohydrate_fraction,ethanol_yield_per_total_carbohydrate_consumed_g_g,co2_yield_per_total_carbohydrate_consumed_g_g,fermentable_residual_fraction_vs_max_observed,product_sum_ethanol_co2_glycerol_acetate_g_L,ethanol_abv_proxy_percent
BREAD_baker_like_low_sugar_22C,bread_dough,baker_like,bread_temp_x_sugar_x_strain:22.0_low_sugar,8.0,0.01,0.1,22.0,0.0,25.0,0.0,5.6,0.6,0.18,0.06,0.04,145.0,15.0,15.0,0.0,136.57200484314347,6.652611320877418,8.34738867912258,3.678753278923682,3.9923510374148505,1.0701969814858345,1.8468015391234909,0.36147283605414615,0.03986714094155639,5.581132285552075,5.581132285552075,0.23016053805729997,0.22811503670624333,0.23670151288335256,0.54075912162409,0.4986428006694217,0.9195936955144024,1.8966782625996383,0.7504900637540568,3.678753278923682,3.678753278923682,3.678753278923682,7.3,nan,0.44070707862502057,0.5564925786081721,0.0,proof_sugar_depleted,1.5524243597044278,18,8.427995156856525,0.058124104530045004,0.941875895469955,0.4364920969289906,0.47370115467697044,0.44350742139182786,8.072444293334234,0.46625516843139186
BREAD_fast_fermenter_low_sugar_22C,bread_dough,fast_fermenter,bread_temp_x_sugar_x_strain:22.0_low_sugar,8.0,0.01,0.1,22.0,0.0,25.0,0.0,5.6,0.6,0.18,0.06,0.04,145.0,15.0,15.0,0.0,139.62483893339865,9.705416885364574,5.294583114635426,2.3420788332437685,2.542514561081447,0.6724651471497956,1.5919711180470741,0.24909311353558453,0.025416315607110412,5.5846326454971855,5.5846326454971855,0.3311825485739458,0.3285598782574817,0.14933653350006804,0.3347969192848333,0.3087203312744935,0.6070442091731455,1.23468988087083,0.48612572713459523,2.3420788332437685,2.3420788332437685,2.3420788332437685,nan,nan,0.44235377602624326,0.3529722076423617,0.0,proof_sugar_depleted,0.6432017729986572,25,5.3751610666013505,0.037070076321388624,0.9629299236786114,0.4357225400735083,0.4730117906381265,0.6470277923576383,5.159102823467911,0.29684142373178307
BREAD_stress_tolerant_low_sugar_22C,bread_dough,stress_tolerant,bread_temp_x_sugar_x_strain:22.0_low_sugar,8.0,0.01,0.1,22.0,0.0,25.0,0.0,5.6,0.6,0.18,0.06,0.04,145.0,15.0,15.0,0.0,136.333582954756,6.414220106846166,8.585779893153834,3.783303745977121,4.105653639246449,1.10791797334225,1.9340224447716134,0.37325573937026196,0.04099302892729681,5.5773543884548085,5.5773543884548085,0.16414342602823812,0.16090200320495218,0.37347802377603123,0.5647689456605163,0.5207805582175481,0.929270758792482,1.9289130898249351,0.764880932620395,3.783303745977121,3.783303745977121,3.783303745977121,7.1,nan,0.44064765147239193,0.5723853262102556,0.0,proof_sugar_depleted,1.721904351704644,16,8.666417045244003,0.059768393415475886,0.9402316065845241,0.43654762126331553,0.47374291103375515,0.4276146737897444,8.30320615352113,0.47950617819735375
BREAD_baker_like_standard_sugar_22C,bread_dough,baker_like,bread_temp_x_sugar_x_strain:22.0_standard_sugar,8.0,0.01,0.1,22.0,0.0,25.0,0.0,5.6,0.6,0.18,0.06,0.04,150.0,30.0,30.0,0.0,141.747539352244,21.82691621019506,8.173083789804942,3.603287320444026,3.909927979509546,1.0531090487692278,1.831726333485133,0.3557142460386179,0.0390259762225839,5.581524052529069,5.581524052529069,0.23616053805729997,0.23415936168118476,0.23291105220199843,0.5405246374530278,0.49842341727712913,0.8939971959271195,1.845438515474991,0.7303694578499873,3.603287320444026,3.603287320444026,3.603287320444026,nan,nan,0.44087243115490216,0.27243612632683134,1.0,proof_residual_sugar_expected,1.486236779244957,19,8.25246064775601,0.0550164043183734,0.9449835956816266,0.4366318694805074,0.47378935161268837,0.7275638736731687,7.907955522214774,0.45669040816781065
BREAD_fast_fermenter_standard_sugar_22C,bread_dough,fast_fermenter,bread_temp_x_sugar_x_strain:22.0_standard_sugar,8.0,0.01,0.1,22.0,0.0,25.0,0.0,5.6,0.6,0.18,0.06,0.04,150.0,30.0,30.0,0.0,144.7676566483078,24.847005775277726,5.152994224722274,2.280350589372034,2.4753535904474453,0.6555807918134163,1.5796240353497202,0.24360991291994769,0.024739759339409063,5.585039367880306,5.585039367880306,0.3371825485739458,0.3346306367281231,0.14598914633344992,0.3276214391945998,0.3021052668582202,0.5899410559886513,1.2000859060371467,0.4725682893791667,2.280350589372034,2.280350589372034,2.280350589372034,nan,nan,0.4425292344461993,0.1717664741574091,1.0,proof_residual_sugar_expected,0.5947133104507658,26,5.232343351692208,0.03488228901128139,0.9651177109887186,0.4358182244738467,0.4730869945006349,0.8282335258425909,5.024053852078836,0.2890178186783313
BREAD_stress_tolerant_standard_sugar_22C,bread_dough,stress_tolerant,bread_temp_x_sugar_x_strain:22.0_standard_sugar,8.0,0.01,0.1,22.0,0.0,25.0,0.0,5.6,0.6,0.18,0.06,0.04,150.0,30.0,30.0,0.0,141.3742295832383,21.453638229923264,8.546361770076736,3.7672391947313892,4.087450993494237,1.1126656848755057,1.9292254609573556,0.3741756601288947,0.04078470913672585,5.5774585387373765,5.5774585387373765,0.17014342602823812,0.16694250510439038,0.37241631652775836,0.5819823718442073,0.5366575546385085,0.9118231944433922,1.897289084761186,0.7530525097287576,3.7672391947313892,3.7672391947313892,3.7672391947313892,nan,nan,0.44080034242425525,0.28487872566922456,1.0,proof_residual_sugar_expected,1.6775514097977466,17,8.625770416761696,0.05750513611174464,0.9424948638882553,0.4367423444763666,0.47386503419467957,0.7151212743307754,8.269650557491246,0.47747011340068307
BREAD_baker_like_sweet_dough_22C,bread_dough,baker_like,bread_temp_x_sugar_x_strain:22.0_sweet_dough,8.0,0.01,0.1,22.0,0.0,25.0,0.0,5.6,0.6,0.18,0.06,0.04,163.0,63.0,63.0,0.0,155.53126704306953,55.60817907389367,7.391820926106327,3.2614840453061493,3.5389334581818606,0.9496218353494578,1.7716236243758015,0.3254428899576634,0.035319404007638784,5.583277590643855,5.583277590643855,0.24936053805729996,0.2475165423145958,0.2145157113301651,0.48479239624332043,0.4470359572477072,0.8173112628986097,1.680818155705482,0.6643975216354485,3.2614840453061493,3.2614840453061493,3.2614840453061493,nan,nan,0.4412287686498582,0.11733049089057657,1.0,proof_residual_sugar_expected,1.283462848570956,21,7.468732956930467,0.04582044758853047,0.9541795524114696,0.4366850527544593,0.4738331760674313,0.8826695091094234,7.161179797453312,0.41336933400584913
BREAD_fast_fermenter_sweet_dough_22C,bread_dough,fast_fermenter,bread_temp_x_sugar_x_strain:22.0_sweet_dough,8.0,0.01,0.1,22.0,0.0,25.0,0.0,5.6,0.6,0.18,0.06,0.04,163.0,63.0,63.0,0.0,158.2550344275696,58.33192204854249,4.668077951457512,2.0682232335706603,2.2450623672966743,0.592343481181377,1.5408900731111963,0.22316874866454572,0.022437303250593087,5.586431336423791,5.586431336423791,0.3503825485739458,0.3480548600567627,0.1340977210863742,0.29408399321393935,0.27117967313966856,0.5397692328951087,1.0947133149037722,0.4306063111906234,2.0682232335706603,2.0682232335706603,2.0682232335706603,nan,nan,0.44305670451045054,0.07409647541996056,1.0,proof_residual_sugar_expected,0.45593733706287054,27,4.744965572430402,0.02911021823576934,0.9708897817642307,0.4358773951043238,0.47314618684298243,0.9259035245800394,4.558891652782473,0.2621322222523017
BREAD_stress_tolerant_sweet_dough_22C,bread_dough,stress_tolerant,bread_temp_x_sugar_x_strain:22.0_sweet_dough,8.0,0.01,0.1,22.0,0.0,25.0,0.0,5.6,0.6,0.18,0.06,0.04,163.0,63.0,63.0,0.0,155.1443580901132,55.22129933399859,7.778700666001413,3.4301943361531335,3.722354166007931,1.0102624123526152,1.8720422028240364,0.346164534688125,0.0371623713638025,5.579469065555008,5.579469065555008,0.1833434260282381,0.1804129010606783,0.3445855857848443,0.5265081751086128,0.48550366926897576,0.8371351417994832,1.7366519354545251,0.6885904128216163,3.4301943361531335,3.4301943361531335,3.4301943361531335,nan,nan,0.4409726615584504,0.12347143914287961,1.0,proof_residual_sugar_expected,1.4790355533846657,20,7.855641909886799,0.04819412214654478,0.9518058778534553,0.43665360202277387,0.47384468496751664,0.8765285608571204,7.535875408212992,0.43475213385971273
BREAD_baker_like_low_sugar_30C,bread_dough,baker_like,bread_temp_x_sugar_x_strain:30.0_low_sugar,8.0,0.01,0.1,30.0,0.0,25.0,0.0,5.6,0.6,0.18,0.06,0.04,145.0,15.0,15.0,0.0,129.77483628685124,0.0029507774604838138,14.997049222539516,6.704656629555669,7.235226676734663,1.0168665969295922,2.4043433018005462,0.5394063165257676,0.07083486609552904,5.56598160952708,5.56598160952708,0.018853082838850153,0.014694089491175628,0.36871563514199446,1.7875333532336752,1.6587792530051788,3.0563307026862097,6.52712621462078,2.603286788073436,6.704656629555669,6.704656629555669,6.704656629555669,2.4,4.0,0.4470650546028107,0.9998032815026344,0.0,proof_sugar_depleted,6.918800776878731,2,15.22516371314876,0.10500112905619835,0.8949988709438017,0.440366800375709,0.47521503302366297,0.0001967184973655876,14.550124488911628,0.8497663662301228
BREAD_fast_fermenter_low_sugar_30C,bread_dough,fast_fermenter,bread_temp_x_sugar_x_strain:30.0_low_sugar,8.0,0.01,0.1,30.0,0.0,25.0,0.0,5.6,0.6,0.18,0.06,0.04,145.0,15.0,15.0,0.0,129.78986964102947,0.017910204165908165,14.982089795834092,6.708139021110332,7.23281377640308,1.6884072558208292,2.3411382324452927,0.5952108526169438,0.0705968879546785,5.556544287076977,5.556544287076977,0.12890396974880733,0.12138492558310061,0.3416696616068785,1.1021265242487774,1.0227404987283994,1.7641403598258065,3.7875995288928093,1.518999598542084,6.708139021110332,6.708139021110332,6.708139021110332,3.9,6.6,0.44774388036144275,0.9988059863889395,0.0,proof_sugar_depleted,3.7962336373637804,7,15.210130358970531,0.1048974507515209,0.8951025492484791,0.4410310012335989,0.47552608726573853,0.0011940136110605442,14.606760538085034,0.8502077339810308
BREAD_stress_tolerant_low_sugar_30C,bread_dough,stress_tolerant,bread_temp_x_sugar_x_strain:30.0_low_sugar,8.0,0.01,0.1,30.0,0.0,25.0,0.0,5.6,0.6,0.18,0.06,0.04,145.0,15.0,15.0,0.0,134.8858350998966,5.113406818949691,9.886593181050308,4.452368756299432,4.8011858532342275,1.300202500939028,2.026632196547346,0.41532011032414456,0.04688269151269659,5.573666877166924,5.573666877166924,0.12734880207679145,0.12363222239300083,0.42393286192424073,0.6605699108039484,0.6129890000365957,1.0726483217670844,2.2397222814327455,0.8899487559241684,4.452368756299432,4.452368756299432,4.452368756299432,6.3,nan,0.4503440846370935,0.6591062120700206,0.0,proof_sugar_depleted,2.1262070582764188,10,10.11416490010339,0.06975286138002337,0.9302471386199767,0.44021120876266495,0.47469918679941125,0.3408937879299794,9.7157574113705,0.5643052923066454
BREAD_baker_like_standard_sugar_30C,bread_dough,baker_like,bread_temp_x_sugar_x_strain:30.0_standard_sugar,8.0,0.01,0.1,30.0,0.0,25.0,0.0,5.6,0.6,0.18,0.06,0.04,150.0,30.0,30.0,0.0,123.69696996781731,3.92118647076673,26.07881352923327,11.62610369507589,12.530390863575846,2.944108593633573,3.1624889625405674,0.9379092729003188,0.12212925051101664,5.54115257411067,5.54115257411067,0.024853082838850155,0.020680944027843144,0.5484767453026326,1.958893931510486,1.8177928830315768,2.983422772532654,6.6320761370903725,2.6887370748818733,11.62610369507589,11.62610369507589,11.62610369507589,4.3,nan,0.4458064659285021,0.8692937843077757,0.0,proof_sugar_depleted,7.105578590414916,1,26.30303003218269,0.1753535335478846,0.8246464664521154,0.44200625102320684,0.4763858326681173,0.13070621569222435,25.216533082063073,1.473523915725715
BREAD_fast_fermenter_standard_sugar_30C,bread_dough,fast_fermenter,bread_temp_x_sugar_x_strain:30.0_standard_sugar,8.0,0.01,0.1,30.0,0.0,25.0,0.0,5.6,0.6,0.18,0.06,0.04,150.0,30.0,30.0,0.0,132.3402121461898,12.564139139788198,17.435860860211804,7.796238683075505,8.404275987809015,2.34867355559323,2.507749535592888,0.6945585437828505,0.08197051813943884,5.549515238031054,5.549515238031054,0.13490396974880733,0.12729769074983843,0.38579907359372784,1.2342510389542682,1.145347166057989,1.7163968048468219,3.705239907449234,1.4889464655912266,7.796238683075505,7.796238683075505,7.796238683075505,7.1,nan,0.4471381565602147,0.58119536200706,0.0,proof_residual_sugar_expected,3.701779644610023,8,17.6597878538102,0.11773191902540134,0.8822680809745986,0.44146842236235706,0.47589903442672127,0.41880463799293993,16.97704373280681,0.9881164363847282
BREAD_stress_tolerant_standard_sugar_30C,bread_dough,stress_tolerant,bread_temp_x_sugar_x_strain:30.0_standard_sugar,8.0,0.01,0.1,30.0,0.0,25.0,0.0,5.6,0.6,0.18,0.06,0.04,150.0,30.0,30.0,0.0,139.869772249661,20.093227493350145,9.906772506649855,4.46177397016224,4.810724773541934,1.3194675411917247,2.0260086881736004,0.4191720244576496,0.046954870998691035,5.573617517260205,5.573617517260205,0.13334880207679145,0.12966887128953986,0.42506144927849404,0.6985833985297798,0.6482608079535824,1.0526169465881785,2.2050354107622097,0.8771799432613985,4.46177397016224,4.46177397016224,4.46177397016224,nan,nan,0.4503761408841582,0.3302257502216618,1.0,proof_residual_sugar_expected,2.0792330055458885,12,10.130227750339003,0.06753485166892668,0.9324651483310733,0.4404416248206196,0.474888116249997,0.6697742497783382,9.738625639160515,0.5654973346213232
BREAD_baker_like_sweet_dough_30C,bread_dough,baker_like,bread_temp_x_sugar_x_strain:30.0_sweet_dough,8.0,0.01,0.1,30.0,0.0,25.0,0.0,5.6,0.6,0.18,0.06,0.04,163.0,63.0,63.0,0.0,137.364905518454,37.58078840826703,25.419211591732967,11.33155332344506,12.213797786917869,3.072835047629151,3.109412114201094,0.9261080197068179,0.11907370767905318,5.542635681797286,5.542635681797286,0.03805308283885015,0.03396703518762835,0.5401087867833932,1.8167798927418286,1.6859162617765004,2.711071183011848,6.004477465665748,2.4320178200477574,11.33155332344506,11.33155332344506,11.33155332344506,nan,nan,0.4457869703217072,0.4034795490751265,1.0,proof_residual_sugar_expected,6.397828552208196,3,25.63509448154599,0.1572705182916932,0.8427294817083067,0.4420328285352074,0.47644832343841176,0.5965204509248735,24.5905328377488,1.4361918027180052
BREAD_fast_fermenter_sweet_dough_30C,bread_dough,fast_fermenter,bread_temp_x_sugar_x_strain:30.0_sweet_dough,8.0,0.01,0.1,30.0,0.0,25.0,0.0,5.6,0.6,0.18,0.06,0.04,163.0,63.0,63.0,0.0,147.04338581792854,47.25898627388573,15.741013726114268,7.0451561414470625,7.594502766256021,2.12445382038918,2.3844167280355797,0.6353842939921017,0.07406852505806008,5.5543801720027,5.5543801720027,0.14810396974880732,0.1411653208042639,0.3584887524651017,1.1386975124878735,1.0566792597039536,1.5641490763664168,3.3551175803451003,1.3455269625913664,7.0451561414470625,7.0451561414470625,7.0451561414470625,nan,nan,0.4475668634834605,0.2498573607319725,1.0,proof_residual_sugar_expected,3.2946288372076262,9,15.956614182071462,0.09789333854031572,0.9021066614596843,0.44151948910081823,0.47594700727859013,0.7501426392680275,15.349111726753245,0.8929221979020359
BREAD_stress_tolerant_sweet_dough_30C,bread_dough,stress_tolerant,bread_temp_x_sugar_x_strain:30.0_sweet_dough,8.0,0.01,0.1,30.0,0.0,25.0,0.0,5.6,0.6,0.18,0.06,0.04,163.0,63.0,63.0,0.0,153.7821232638051,53.99730865100403,9.002691348995967,4.059914972334092,4.377910977766586,1.197331448753962,1.9603110812741427,0.3877985866794946,0.04274689641545858,5.575988784105805,5.575988784105805,0.14654880207679144,0.1431821115346196,0.39363785569560916,0.6321520846839523,0.5866215033418353,0.966198891394831,2.017189460871364,0.8015966488333651,4.059914972334092,4.059914972334092,4.059914972334092,nan,nan,0.4509668070300864,0.14289986268247568,1.0,proof_residual_sugar_expected,1.8513848648009137,14,9.21787673619491,0.056551391019600675,0.9434486089803993,0.440439277777759,0.47493702758860756,0.8571001373175243,8.868371433195632,0.5145646352768178
BREAD_baker_like_low_sugar_35C,bread_dough,baker_like,bread_temp_x_sugar_x_strain:35.0_low_sugar,8.0,0.01,0.1,35.0,0.0,25.0,0.0,5.6,0.6,0.18,0.06,0.04,145.0,15.0,15.0,0.0,129.73030489447322,0.004485223786596956,14.995514776213403,6.77537772698623,7.277816898562167,1.2319199735751079,2.3510175460941793,0.5721571175139577,0.07008026149597228,5.565926265272193,5.565926265272193,0.07802145363007916,0.07418885981460421,0.3725127900147008,1.442533392718422,1.3440761002296546,2.4296051897492075,5.232102525478967,2.098847312241574,6.77537772698623,6.77537772698623,6.77537772698623,2.9,5.0,0.4518269514650911,0.9997009850808936,0.0,proof_sugar_depleted,5.439468274134577,4,15.269695105526779,0.10530824210708123,0.8946917578929188,0.44371401525456267,0.47661835080963755,0.00029901491910646374,14.695432004558327,0.8587297499348835
BREAD_fast_fermenter_low_sugar_35C,bread_dough,fast_fermenter,bread_temp_x_sugar_x_strain:35.0_low_sugar,8.0,0.01,0.1,35.0,0.0,25.0,0.0,5.6,0.6,0.18,0.06,0.04,145.0,15.0,15.0,0.0,134.05122411478476,4.325008940567585,10.674991059432415,4.8533548744868,5.211637457871802,1.4139385129324775,1.9865987199340556,0.46770040491419906,0.05012766733388238,5.568800979932471,5.568800979932471,0.23238113897705406,0.227370496387325,0.2704151614030885,0.7200907142328575,0.6709415127913078,1.1599592019288039,2.4239163314035115,0.9633945203766442,4.8533548744868,4.8533548744868,4.8533548744868,5.9,nan,0.4546472074277176,0.7116660706288276,0.0,proof_sugar_depleted,2.1100060225039488,11,10.948775885215241,0.07550879920838097,0.9244912007916191,0.44327831032148196,0.476001839156227,0.28833392937117236,10.582820404606684,0.6151273605179721
BREAD_stress_tolerant_low_sugar_35C,bread_dough,stress_tolerant,bread_temp_x_sugar_x_strain:35.0_low_sugar,8.0,0.01,0.1,35.0,0.0,25.0,0.0,5.6,0.6,0.18,0.06,0.04,145.0,15.0,15.0,0.0,138.95493282490648,9.22827410118706,5.7717258988129405,2.66545302648371,2.8636611433256216,0.7647123833884606,1.711569779650414,0.2804472140899355,0.027594136764767074,5.58434570602857,5.58434570602857,0.23585472757510423,0.23360318009691747,0.2755548582196642,0.386848550278828,0.36044538973124,0.6684647652451816,1.3703333275594796,0.5410881865730464,2.66545302648371,2.66545302648371,2.66545302648371,nan,nan,0.4618121291989816,0.3847817265875294,0.0,proof_sugar_depleted,0.9771218012242601,22,6.045067175093521,0.041690118448920836,0.9583098815510792,0.4409302575603676,0.4737186635616367,0.6152182734124706,5.837155520664035,0.33782674606891133
BREAD_baker_like_standard_sugar_35C,bread_dough,baker_like,bread_temp_x_sugar_x_strain:35.0_standard_sugar,8.0,0.01,0.1,35.0,0.0,25.0,0.0,5.6,0.6,0.18,0.06,0.04,150.0,30.0,30.0,0.0,126.52480546471365,6.793940336707702,23.206059663292297,10.44174523735807,11.210220200573298,3.0038537821528095,2.904480195853372,0.885216881465713,0.10774240216108286,5.54754054429569,5.54754054429569,0.08402145363007915,0.08014422743445089,0.5144138122592264,1.586697328412177,1.4783983476475548,2.36720049449234,5.17630934921514,2.088398623122529,10.44174523735807,10.44174523735807,10.44174523735807,5.4,nan,0.44995770022409204,0.7735353221097433,0.0,proof_sugar_depleted,5.391998466136962,5,23.47519453528635,0.156501296901909,0.843498703098091,0.4447990930027325,0.47753470940242226,0.22646467789025673,22.644924721558166,1.3234151124661686
BREAD_fast_fermenter_standard_sugar_35C,bread_dough,fast_fermenter,bread_temp_x_sugar_x_strain:35.0_standard_sugar,8.0,0.01,0.1,35.0,0.0,25.0,0.0,5.6,0.6,0.18,0.06,0.04,150.0,30.0,30.0,0.0,139.19169553958164,19.460294788379123,10.539705211620877,4.792350863329595,5.1461150616895015,1.4109788509025807,1.9747646594959185,0.4641008381284623,0.04949692348915281,5.569193303929056,5.569193303929056,0.23838113897705407,0.23347543995408507,0.26803861402224705,0.7466799117539074,0.6957193177586276,1.127630819013104,2.360499492110445,0.9388643484181664,4.792350863329595,4.792350863329595,4.792350863329595,nan,nan,0.454694962250523,0.35132350705402926,0.0,proof_residual_sugar_expected,2.032003683121304,13,10.808304460418356,0.0720553630694557,0.9279446369305443,0.443395250465039,0.4761260270318395,0.6486764929459707,10.452063686636713,0.6073955466830919
BREAD_stress_tolerant_standard_sugar_35C,bread_dough,stress_tolerant,bread_temp_x_sugar_x_strain:35.0_standard_sugar,8.0,0.01,0.1,35.0,0.0,25.0,0.0,5.6,0.6,0.18,0.06,0.04,150.0,30.0,30.0,0.0,144.03952478345195,24.30770152869293,5.692298471307069,2.630238291206005,2.825295048062979,0.757086376829048,1.7043042419934464,0.27845683953774597,0.02720585513440934,5.584558058149751,5.584558058149751,0.24185472757510423,0.23964102779740099,0.2724996054009461,0.38651170146654007,0.36013183441722457,0.6555340977868255,1.3453411972221847,0.5314250981137413,2.630238291206005,2.630238291206005,2.630238291206005,nan,nan,0.46206963750480357,0.1897432823769023,1.0,proof_residual_sugar_expected,0.9389881428991561,23,5.960475216548048,0.03973650144365365,0.9602634985563463,0.44127996437325717,0.4740049988328316,0.8102567176230977,5.76119603394114,0.33336353500709826
BREAD_baker_like_sweet_dough_35C,bread_dough,baker_like,bread_temp_x_sugar_x_strain:35.0_sweet_dough,8.0,0.01,0.1,35.0,0.0,25.0,0.0,5.6,0.6,0.18,0.06,0.04,163.0,63.0,63.0,0.0,141.22818074192972,41.486855713469986,21.513144286530014,9.687069111502868,10.399020621493593,2.849943251544464,2.782109740832368,0.8312223712724133,0.09991160507556922,5.551340882551766,5.551340882551766,0.09722145363007915,0.09348668850456743,0.48941193787706994,1.4713508988711652,1.3709241112953001,2.1546912548920054,4.684905117721361,1.8868104568902657,9.687069111502868,9.687069111502868,9.687069111502868,nan,nan,0.45028606615947886,0.3414784807385717,1.0,proof_residual_sugar_expected,4.830888975018795,6,21.77181925807028,0.13356944330104467,0.8664305566989553,0.44493613494940754,0.4776367329817388,0.6585215192614283,21.017223709344442,1.2277654133717197
BREAD_fast_fermenter_sweet_dough_35C,bread_dough,fast_fermenter,bread_temp_x_sugar_x_strain:35.0_sweet_dough,8.0,0.01,0.1,35.0,0.0,25.0,0.0,5.6,0.6,0.18,0.06,0.04,163.0,63.0,63.0,0.0,153.25693253984593,53.51512517215703,9.484874827842972,4.320418484787156,4.639537385494612,1.266171262208734,1.8983791419220408,0.42307222608449263,0.04463120709408015,5.572224856051764,5.572224856051764,0.25158113897705403,0.24711449974797933,0.24677437680824288,0.666368327092537,0.6208829835579643,1.0295862754557217,2.1450483583353783,0.8517187546049104,4.320418484787156,4.320418484787156,4.320418484787156,nan,nan,0.45550611507328614,0.15055356869592018,1.0,proof_residual_sugar_expected,1.7737492352031083,15,9.743067460154066,0.05977342000094519,0.9402265799990548,0.4434351401605545,0.47618857248692886,0.8494464313040798,9.427659303460342,0.5475815570072442
BREAD_stress_tolerant_sweet_dough_35C,bread_dough,stress_tolerant,bread_temp_x_sugar_x_strain:35.0_sweet_dough,8.0,0.01,0.1,35.0,0.0,25.0,0.0,5.6,0.6,0.18,0.06,0.04,163.0,63.0,63.0,0.0,157.560967004532,57.818793349422734,5.181206650577266,2.400374697406119,2.578831651667843,0.6890475877296379,1.6667115345746706,0.2578652177978391,0.02484815390717741,5.585902929584882,5.585902929584882,0.2550547275751042,0.2530277388311689,0.25163887062578555,0.35012588994127414,0.3262273047875664,0.6023395956970458,1.2334568726031805,0.4868292536882945,2.400374697406119,2.400374697406119,2.400374697406119,nan,nan,0.46328487923535727,0.0822413754059883,1.0,proof_residual_sugar_expected,0.7935696368348865,24,5.439032995468011,0.033368300585693324,0.9666316994143067,0.44132379770562036,0.47413421720673765,0.9177586245940117,5.2619197207789785,0.3042299996712445
RICE_rice_wine_like_weak_nuruk_18C,rice_wine,rice_wine_like,rice_temp_x_saccharification_x_strain:18.0_weak_nuruk,192.0,0.05,2.0,18.0,0.0,25.0,0.0,4.4,0.02,0.45,0.4,0.35,227.0,12.0,20.05751341993772,8.05751341993772,139.92633432639798,20.05751341993772,0.0,35.82265329077599,37.6384960076131,0.009029000239779636,1.7648215939848229,3.2283134597876355,0.33309578331033274,4.131230309691128,4.131230309691128,0.20580850798603062,0.17405720390036458,0.14457533192326089,0.43490115418351216,0.41394312095462205,0.2895197366370009,0.606222887549275,0.013226652094745151,5.363549641900914,18.919786019276945,27.324595041371918,30.0,42.0,nan,-0.6714594516614767,1.0,saccharification_limited,22.53310372502456,24,87.07366567360202,0.38358443028018513,0.6164155697198149,0.41140628470906654,0.43226038224578733,1.0,77.02255854148706,4.540260239642078
RICE_stress_tolerant_weak_nuruk_18C,rice_wine,stress_tolerant,rice_temp_x_saccharification_x_strain:18.0_weak_nuruk,192.0,0.05,2.0,18.0,0.0,25.0,0.0,4.4,0.02,0.45,0.4,0.35,227.0,12.0,19.819541448639455,7.819541448639455,139.44319887967708,19.819541448639455,0.0,36.04711043871632,37.87388419354975,0.009932109732204882,2.402489442777061,3.436473402129029,0.33516300302017993,4.129552443137229,4.129552443137229,0.2131302699041093,0.18557298386292814,0.15729267479261136,0.42422495572719043,0.40378186592048415,0.22702725976391033,0.47169795616714516,0.01020110010818421,3.8775295459237515,18.982723736220485,27.3336192382095,46.0,60.0,nan,-0.651628454053288,0.0,saccharification_limited,22.80328422942791,23,87.55680112032292,0.38571278026573974,0.6142872197342603,0.4116997192391646,0.4325635896805142,1.0,77.69263103741527,4.56870854736582
RICE_fast_fermenter_weak_nuruk_18C,rice_wine,fast_fermenter,rice_temp_x_saccharification_x_strain:18.0_weak_nuruk,192.0,0.05,2.0,18.0,0.0,25.0,0.0,4.4,0.02,0.45,0.4,0.35,227.0,12.0,99.08046880749714,87.08046880749714,207.5796119851302,99.08046880749714,0.0,4.395917292315953,4.619242722294119,0.0010733413731593882,0.14515203978093694,0.4470040326935757,0.04089743858282338,4.363848958834834,4.363848958834834,0.3717464038122223,0.34971646910257637,0.06622270097493438,0.03427840625379722,0.032626538902472024,0.06840873216504745,0.13696554467264188,0.0028354950754446405,0.7681363236254353,2.1468347570942496,3.2506049883538117,nan,nan,nan,-7.2567057339580945,1.0,saccharification_limited,-27.090377900743654,25,19.420388014869786,0.08555237010955853,0.9144476298904415,0.2263557910866709,0.23785532599849502,1.0,9.50306148588647,0.5571504806484098
RICE_rice_wine_like_standard_nuruk_18C,rice_wine,rice_wine_like,rice_temp_x_saccharification_x_strain:18.0_standard_nuruk,192.0,0.05,2.0,18.0,0.0,25.0,0.0,4.4,0.02,0.75,0.7,0.55,227.0,12.0,44.173098616203454,32.173098616203454,116.1128050894817,44.173098616203454,0.0,45.130194877126875,47.41730522801614,0.011175344560590729,1.9710566145555517,4.121197366967435,0.419618072789836,4.061405157471537,4.061405157471537,0.24162922747654292,0.19327053549397138,0.15504814807446157,0.6612636391894853,0.6293973716304482,0.29006669739169877,0.6086279660275637,0.013310624384923026,5.571870600089175,26.559379331880688,34.87631084058701,50.0,nan,nan,-2.681091551350288,1.0,saccharification_limited,28.64814499283205,22,110.8871949105183,0.4884898454207855,0.5115101545792146,0.40699194269947225,0.4276175014281864,1.0,97.08831554490028,5.719923305085789
RICE_stress_tolerant_standard_nuruk_18C,rice_wine,stress_tolerant,rice_temp_x_saccharification_x_strain:18.0_standard_nuruk,192.0,0.05,2.0,18.0,0.0,25.0,0.0,4.4,0.02,0.75,0.7,0.55,227.0,12.0,44.229253711467656,32.229253711467656,115.54824362479644,44.229253711467656,0.0,45.41592391353876,47.71706371431597,0.01126651038236309,2.8325463132372226,4.396566446267501,0.4222546955739111,4.059267684234215,4.059267684234215,0.24422071172858262,0.20251196087920453,0.16846258397974018,0.6247078614221806,0.5946038779956382,0.22744778242656355,0.47349407966667767,0.010262893302738227,3.9820870416925804,25.79861249618438,35.10833161644073,nan,nan,nan,-2.6857711426223045,1.0,saccharification_limited,28.944592101653225,21,111.45175637520356,0.4909769003312932,0.5090230996687067,0.4074940170583365,0.4281409756673188,1.0,97.95180876969614,5.756137378141795
RICE_fast_fermenter_standard_nuruk_18C,rice_wine,fast_fermenter,rice_temp_x_saccharification_x_strain:18.0_standard_nuruk,192.0,0.05,2.0,18.0,0.0,25.0,0.0,4.4,0.02,0.75,0.7,0.55,227.0,12.0,149.74143700940508,137.74143700940508,205.28691968225033,149.74143700940508,0.0,4.001122423535656,4.205627650731816,0.0007878806450670676,0.11732648526569077,0.40977913474170735,0.03727952134321137,4.367077004768243,4.367077004768243,0.39126924054888046,0.3621314556371622,0.06281289901381398,0.03442476647942895,0.032765854158989575,0.06851176712772009,0.137361300086578,0.0028483529997567814,0.774718691846412,2.119684875839485,3.1001034876455162,nan,nan,nan,-11.47845308411709,1.0,saccharification_limited,-36.517918183425344,26,21.71308031774967,0.0956523362015404,0.9043476637984595,0.18427244614689148,0.19369097286919096,1.0,8.65380873035239,0.5071131081794241
RICE_rice_wine_like_strong_koji_18C,rice_wine,rice_wine_like,rice_temp_x_saccharification_x_strain:18.0_strong_koji,192.0,0.05,2.0,18.0,0.0,25.0,0.0,4.4,0.02,1.05,0.95,0.7,227.0,12.0,58.77945844761258,46.77945844761258,100.68382610076617,58.77945844761258,0.0,51.49123345766108,54.10040075493655,0.01223612986620428,2.083166207576163,4.759877416158878,0.478748941519137,4.013684950481426,4.013684950481426,0.2682806880382783,0.20915379780361473,0.16222311367303927,0.777547212828253,0.7400769295950766,0.2904896983161865,0.6104333939774612,0.013372676095127763,5.661931316088332,30.338287911657346,40.00638586052734,nan,nan,nan,-3.8982882039677156,1.0,saccharification_limited,33.10756142389174,19,126.31617389923383,0.5564589158556557,0.44354108414434434,0.40763769094793173,0.4282935358546725,1.0,110.83026057027566,6.526138587789744
RICE_stress_tolerant_strong_koji_18C,rice_wine,stress_tolerant,rice_temp_x_saccharification_x_strain:18.0_strong_koji,192.0,0.05,2.0,18.0,0.0,25.0,0.0,4.4,0.02,1.05,0.95,0.7,227.0,12.0,58.65778239038096,46.65778239038096,99.85483394359184,58.65778239038096,0.0,51.940689462922975,54.57217327471075,0.012355382849689704,3.1200299194373544,5.101377260416389,0.4829074300751046,4.0103192381782895,4.0103192381782895,0.26714482272372053,0.21657413004870138,0.17584139004744748,0.7198448732479115,0.6851561033530871,0.22777258574332748,0.47483837117665767,0.010308356083013745,4.0241402505666395,27.969831988269902,40.39936315356531,nan,nan,nan,-3.888148532531747,1.0,saccharification_limited,33.62374926771752,18,127.14516605640816,0.5601108636846175,0.43988913631538257,0.40851485804721355,0.4292115458837005,1.0,112.09714742812523,6.583103860953482
RICE_fast_fermenter_strong_koji_18C,rice_wine,fast_fermenter,rice_temp_x_saccharification_x_strain:18.0_strong_koji,192.0,0.05,2.0,18.0,0.0,25.0,0.0,4.4,0.02,1.05,0.95,0.7,227.0,12.0,178.34170668085636,166.34170668085636,205.0321657481993,178.34170668085636,0.0,3.670383412627264,3.8592946441072664,0.0006331126296715903,0.09935888516808421,0.3780286798330595,0.03425630056660844,4.369778692420074,4.369778692420074,0.40210072382091344,0.3717080653209773,0.060077691099329304,0.03452559663260739,0.032861830195542396,0.06858730567051455,0.13763849893572933,0.00285711253668259,0.7755795732242796,2.0599775104540234,2.9263666142358296,nan,nan,nan,-13.861808890071364,1.0,balanced_or_slow,-42.00786850741479,27,21.967834251800696,0.0967746002281969,0.903225399771803,0.16707989374630336,0.17567934097968357,1.0,7.941963037134198,0.4651943488754454
RICE_rice_wine_like_weak_nuruk_25C,rice_wine,rice_wine_like,rice_temp_x_saccharification_x_strain:25.0_weak_nuruk,192.0,0.05,2.0,25.0,0.0,25.0,0.0,4.4,0.02,0.45,0.4,0.35,227.0,12.0,12.0,0.0,74.3384081149105,0.8414399798693816,11.158560020130619,64.32902479176524,67.51809004906075,0.01564256514116724,4.43375051222322,5.15605772667906,0.5949661332090288,3.9183471832760057,3.9183471832760057,0.1486494785293435,0.06763288972978551,0.15103160308478286,0.8302279530624181,0.7910577324512227,0.558046021181496,1.228052528240708,0.028280856781230615,12.562497153727888,30.30208393569569,47.640908887371964,14.0,20.0,5.764993393028523,0.9298800016775516,0.0,saccharification_limited,58.08138040648803,10,152.6615918850895,0.6725180259255045,0.3274819740744956,0.42138316519184854,0.4422729333248572,0.07011999832244846,137.59813870071406,8.153235081339067
RICE_stress_tolerant_weak_nuruk_25C,rice_wine,stress_tolerant,rice_temp_x_saccharification_x_strain:25.0_weak_nuruk,192.0,0.05,2.0,25.0,0.0,25.0,0.0,4.4,0.02,0.45,0.4,0.35,227.0,12.0,12.0,0.0,73.84272710575553,0.7070703260474193,11.29292967395258,64.56716335980639,67.76732962806261,0.015702862222778745,5.300406604443502,5.299860239567818,0.5971372577553089,3.9165739203966403,3.9165739203966403,0.13648619286265976,0.07060796111353158,0.1741190516395581,0.7947944104065217,0.7572977538835701,0.447471804577651,0.9682030475465009,0.021901747221887213,11.532045848151894,29.60615101148093,47.062858067607316,22.0,28.0,5.717485650223444,0.9410774728293817,0.0,saccharification_limited,58.40559398067391,9,153.15727289424447,0.6747016427059228,0.32529835729407724,0.42157425592443265,0.4424688971502917,0.05892252717061827,138.23149048519213,8.183417409354423
RICE_fast_fermenter_weak_nuruk_25C,rice_wine,fast_fermenter,rice_temp_x_saccharification_x_strain:25.0_weak_nuruk,192.0,0.05,2.0,25.0,0.0,25.0,0.0,4.4,0.02,0.45,0.4,0.35,227.0,12.0,40.90213210263909,28.902132102639086,110.63421512534974,40.90213210263909,0.0,47.592590075407074,49.952052391598514,0.011079150336498375,1.5870623961522208,4.370344346956936,0.44017841196523466,4.0094901156809355,4.0094901156809355,0.33470766244344546,0.2448707161041128,0.11232415159917472,0.7641275139674182,0.7280780515288559,0.4743742380007089,1.0232675222753882,0.023071598750010188,11.527392663450993,28.229095189382917,37.11005207617207,20.0,28.0,nan,-2.408511008553257,1.0,saccharification_limited,31.707673578150246,20,116.36578487465026,0.5126246029720276,0.48737539702797245,0.40899126944121955,0.4292675243449532,1.0,102.35516522592776,6.032013951255649
RICE_rice_wine_like_standard_nuruk_25C,rice_wine,rice_wine_like,rice_temp_x_saccharification_x_strain:25.0_standard_nuruk,192.0,0.05,2.0,25.0,0.0,25.0,0.0,4.4,0.02,0.75,0.7,0.55,227.0,12.0,15.842529697236877,3.842529697236877,36.356522764557475,1.1286144301901733,10.871385569809826,80.56032990702865,84.5530592877751,0.011390355928746309,4.082855778074409,6.65853460986905,0.7450420554335477,3.7968317309367374,3.7968317309367374,0.22323326289268375,0.11340559436431337,0.16195227732245554,1.2678366376619126,1.2080263811505008,0.5599970688547227,1.2374882154235043,0.0286256819952983,17.747027494226106,41.840639531370904,64.69444534580752,22.0,152.0,7.410309328991805,0.9059487974841522,0.0,completed,76.01600404417582,6,190.64347723544253,0.839839106764064,0.16016089323593602,0.42257060705799837,0.4435140426197379,0.07123953382186286,172.51696586010635,10.210434715719728
RICE_stress_tolerant_standard_nuruk_25C,rice_wine,stress_tolerant,rice_temp_x_saccharification_x_strain:25.0_standard_nuruk,192.0,0.05,2.0,25.0,0.0,25.0,0.0,4.4,0.02,0.75,0.7,0.55,227.0,12.0,24.511051720790917,12.511051720790917,34.093758469232434,0.4828049130264939,11.517195086973507,81.72524810715242,85.77496619252871,0.010959226566688579,5.9567298618653854,6.948243333028204,0.7557822507266657,3.7881201465612846,3.7881201465612846,0.1991325416310097,0.10480874189252455,0.18647880462135544,1.2114207184249253,1.1542678065663718,0.4489830559298272,0.9751044312441896,0.022147153679194755,12.822390016158838,39.12463107444775,59.81481057069632,156.0,172.0,7.095933297126099,0.9597662572477922,0.0,completed,77.48375558830733,5,192.90624153076757,0.849807231413073,0.150192768586927,0.4236526898178028,0.44464588347105416,0.019697437650827775,175.204239883436,10.35807960800411
RICE_fast_fermenter_standard_nuruk_25C,rice_wine,fast_fermenter,rice_temp_x_saccharification_x_strain:25.0_standard_nuruk,192.0,0.05,2.0,25.0,0.0,25.0,0.0,4.4,0.02,0.75,0.7,0.55,227.0,12.0,53.898839030573484,41.898839030573484,83.55299151822284,53.898839030573484,0.0,59.13715415505828,62.06822823751288,0.01129971721803828,1.532644664606959,5.57659873335035,0.546920503816683,3.914774822967564,3.914774822967564,0.41149482421798717,0.2931098079744429,0.12167173805483367,1.068805076521306,1.0183822621463197,0.47575185311378,1.0294783310598938,0.023291117832875713,12.524623562352767,36.04413489974329,47.299529347791214,nan,nan,nan,-3.4915699192144567,1.0,nitrogen_limited,42.09385815817436,17,143.44700848177717,0.6319251474968157,0.36807485250318434,0.41225784197912213,0.4326909908713623,1.0,127.3289016297382,7.495203314963027
RICE_rice_wine_like_strong_koji_25C,rice_wine,rice_wine_like,rice_temp_x_saccharification_x_strain:25.0_strong_koji,192.0,0.05,2.0,25.0,0.0,25.0,0.0,4.4,0.02,1.05,0.95,0.7,227.0,12.0,37.2466185461504,25.2466185461504,23.35932056861806,8.13905293633266,3.8609470636673393,86.41907908006425,90.70188462612661,0.013573723125170445,4.0432767856010035,7.268876626093127,0.7992120941957181,3.752970411814938,3.752970411814938,0.2561989789090716,0.13312262706940636,0.16774789189202158,1.5355134486042417,1.4630751333826808,0.5614736246097423,1.2441880723650645,0.028862860957554855,19.25249650821123,46.14847131353337,67.69617960350476,nan,nan,22.38287074518413,0.321745588638945,0.0,completed,81.18546919228864,3,203.64067943138195,0.8970955041030042,0.10290449589699585,0.42437041224459143,0.4454016008952141,0.2185179018666613,185.18905242647972,10.952988476560742
RICE_stress_tolerant_strong_koji_25C,rice_wine,stress_tolerant,rice_temp_x_saccharification_x_strain:25.0_strong_koji,192.0,0.05,2.0,25.0,0.0,25.0,0.0,4.4,0.02,1.05,0.95,0.7,227.0,12.0,45.73632943304153,33.73632943304153,20.825400191893582,6.6850414168915515,5.3149585831084485,87.81601118639563,92.16727803507382,0.02193365392283272,6.200286076981812,7.613033768242502,0.8120968334085259,3.742522068345075,3.742522068345075,0.22670104419733775,0.1211450188263608,0.19178949838264653,1.4228349477472158,1.3557088718870425,0.45012400149978604,0.9799748253196447,0.02231427242501245,13.09627332911662,43.61695972413135,63.612020463584685,nan,nan,16.522426245330497,0.4429132152590374,0.0,completed,83.05888292043248,1,206.17459980810642,0.9082581489343895,0.09174185106561049,0.42593030988360797,0.4470350766818851,0.1461647994004093,188.40841982312048,11.130039440607812
RICE_fast_fermenter_strong_koji_25C,rice_wine,fast_fermenter,rice_temp_x_saccharification_x_strain:25.0_strong_koji,192.0,0.05,2.0,25.0,0.0,25.0,0.0,4.4,0.02,1.05,0.95,0.7,227.0,12.0,60.68802095036212,48.68802095036212,70.69035305314343,58.181144724125495,0.0,65.08403382745047,68.30954601600217,0.009778916950241438,1.3902773104380897,6.239947315088867,0.6019053291290744,3.865984913733965,3.865984913733965,0.453968045028793,0.32531680668506896,0.12583298416787658,1.1883630900253,1.1323010430569607,0.4767382080375017,1.0335789470469279,0.023429911605243197,12.678209529260482,41.28033759623284,53.564803435983116,nan,nan,nan,-3.8484287270104582,1.0,ethanol_inhibited,47.804291800574745,16,156.30964694685656,0.6885887530698527,0.31141124693014727,0.41637886783519046,0.4370142684745914,0.9586924044155757,140.23543248767058,8.248926974328324
RICE_rice_wine_like_weak_nuruk_30C,rice_wine,rice_wine_like,rice_temp_x_saccharification_x_strain:30.0_weak_nuruk,192.0,0.05,2.0,30.0,0.0,25.0,0.0,4.4,0.02,0.45,0.4,0.35,227.0,12.0,27.615969781702496,15.615969781702496,82.1378286975626,27.615969781702496,0.0,60.307469928579366,63.248091357696076,0.01448401668116594,2.9611165678677582,5.266052286205185,0.555586288947368,3.949137773082263,3.949137773082263,0.2279286379504528,0.15409346217338035,0.1613384239130642,0.9097970849025341,0.8675371463658488,0.3990402854214817,0.8550260416616818,0.019138706673442984,9.759932215650222,31.967141615360386,45.066942421589424,32.0,nan,nan,-1.3013308151418745,1.0,saccharification_limited,48.61336715427307,15,144.8621713024374,0.6381593449446581,0.36184065505534185,0.4163093055030348,0.4366087487785149,1.0,129.37719986142798,7.64353231033959
RICE_stress_tolerant_weak_nuruk_30C,rice_wine,stress_tolerant,rice_temp_x_saccharification_x_strain:30.0_weak_nuruk,192.0,0.05,2.0,30.0,0.0,25.0,0.0,4.4,0.02,0.45,0.4,0.35,227.0,12.0,12.622318140711004,0.6223181407110037,59.207434332883,0.7581991761897103,11.241800823810289,70.91482706945357,74.37239204868554,0.014445132526965278,5.412805601523488,5.9788705027905396,0.6532949176656113,3.86984036891199,3.86984036891199,0.170745529322182,0.09446591323755911,0.18041218131750608,0.9323994937546365,0.8890897465957597,0.428545074178912,0.9251383839773227,0.02087643912268536,11.28439567402197,33.05372259850042,51.37937338939889,26.0,34.0,6.308137653466959,0.9368167353175242,0.0,saccharification_limited,65.40707873446867,7,167.792565667117,0.7391742980930265,0.2608257019069736,0.4226339038771313,0.44324009084069094,0.06006814023679819,151.91938453859527,8.987937524645572
RICE_fast_fermenter_weak_nuruk_30C,rice_wine,fast_fermenter,rice_temp_x_saccharification_x_strain:30.0_weak_nuruk,192.0,0.05,2.0,30.0,0.0,25.0,0.0,4.4,0.02,0.45,0.4,0.35,227.0,12.0,19.835287490699216,7.835287490699216,79.65038246842089,19.835287490699216,0.0,61.50268017658922,64.50306928597648,0.010838250119251663,2.320158291918208,5.3040150531848855,0.5666635220972129,3.8960887355285596,3.8960887355285596,0.3101463467443566,0.18295351767797619,0.11093749785997313,1.011045732171664,0.9640824735164322,0.732156853510803,1.6472261399895678,0.03879949710364963,14.30142042103784,33.824342430522364,49.22367994604809,12.0,16.0,nan,-0.6529406242249347,0.0,saccharification_limited,51.08953939573062,14,147.3496175315791,0.649117257848366,0.35088274215163384,0.4173928728617727,0.4377552542486414,1.0,131.8764280378478,7.795016498933996
RICE_rice_wine_like_standard_nuruk_30C,rice_wine,rice_wine_like,rice_temp_x_saccharification_x_strain:30.0_standard_nuruk,192.0,0.05,2.0,30.0,0.0,25.0,0.0,4.4,0.02,0.75,0.7,0.55,227.0,12.0,50.21311314860888,38.21311314860888,65.40271301384047,46.760629839350585,0.0,67.50066168660446,70.79173761658859,0.013936551428090051,2.706885157487482,5.998720196046154,0.6218411431997419,3.895365047910252,3.895365047910252,0.2653350904872778,0.18327627304886407,0.16688684926056108,1.2717285463128185,1.2126594249601172,0.400586773927762,0.8617099499992755,0.0193698468456173,10.224167174072086,40.770011473429705,53.69987885551359,nan,nan,nan,-2.8967191532792156,1.0,nitrogen_limited,53.119897976829606,12,161.59728698615953,0.7118823215249318,0.28811767847506814,0.4177091270869278,0.43807503787270735,0.9312433925568316,144.91296064243895,8.555216943802847
RICE_stress_tolerant_standard_nuruk_30C,rice_wine,stress_tolerant,rice_temp_x_saccharification_x_strain:30.0_standard_nuruk,192.0,0.05,2.0,30.0,0.0,25.0,0.0,4.4,0.02,0.75,0.7,0.55,227.0,12.0,34.969464432640095,22.969464432640095,27.27650992407861,5.246363724188581,6.753636275811419,84.90274234331496,89.04167668263402,0.02120860202459409,5.948691765722273,7.398558041329344,0.7821288088245513,3.7652754165229907,3.7652754165229907,0.2263386992176658,0.12519967653915332,0.19119504778546417,1.3485660472376857,1.2859283059048874,0.430223713053162,0.9325367721547911,0.021134852564555294,12.039827863853828,42.139140743420896,61.3995226717101,190.0,nan,12.57141173672612,0.5628030229842849,0.0,completed,80.07853256221419,4,199.7234900759214,0.8798391633300502,0.12016083666994982,0.4251014355449159,0.44582475826346907,0.15002699667575364,182.12510587610288,10.760803845794038
RICE_fast_fermenter_standard_nuruk_30C,rice_wine,fast_fermenter,rice_temp_x_saccharification_x_strain:30.0_standard_nuruk,192.0,0.05,2.0,30.0,0.0,25.0,0.0,4.4,0.02,0.75,0.7,0.55,227.0,12.0,44.92424487394665,32.92424487394665,65.74131582512446,43.914623110585396,0.0,67.17107132049824,70.447598715865,0.011867205804702706,2.053927991571219,5.900707679304859,0.618872561643867,3.849651702850786,3.849651702850786,0.35953896888035725,0.22274263446414358,0.11619715096476481,1.4454560498951619,1.378316116400252,0.7348363145137518,1.6606910374784911,0.0393004556160527,21.656976269888304,41.78515006315256,54.64286742663725,18.0,nan,nan,-2.6595519258821163,1.0,nitrogen_limited,53.0055981811566,13,161.25868417487555,0.7103906791844738,0.28960932081552626,0.41654235034967274,0.4368608058308892,0.9775261272349894,144.13825027731195,8.513443766856557
RICE_rice_wine_like_strong_koji_30C,rice_wine,rice_wine_like,rice_temp_x_saccharification_x_strain:30.0_strong_koji,192.0,0.05,2.0,30.0,0.0,25.0,0.0,4.4,0.02,1.05,0.95,0.7,227.0,12.0,58.334816427053205,46.334816427053205,49.660188556956754,43.02007770362265,0.0,75.08704181118455,78.74766776706937,0.013914875922091523,2.635503607319026,6.7906773727904195,0.6917148619001698,3.8386538833147226,3.8386538833147226,0.2981870117894446,0.20707704047817818,0.1732708860689362,1.4419556071396613,1.3749792618829364,0.40173706437963413,0.8662417601856913,0.019518499359551352,10.17922226595229,46.944358972863135,60.876906689274904,nan,nan,nan,-2.585006475301887,1.0,nitrogen_limited,62.08582575194639,8,177.33981144304323,0.7812326495288248,0.21876735047117513,0.42340770073109324,0.4440495742399106,0.7374682966118287,161.31710181294451,9.516735337285748
RICE_stress_tolerant_strong_koji_30C,rice_wine,stress_tolerant,rice_temp_x_saccharification_x_strain:30.0_strong_koji,192.0,0.05,2.0,30.0,0.0,25.0,0.0,4.4,0.02,1.05,0.95,0.7,227.0,12.0,53.200269964848495,41.200269964848495,22.017833650242782,14.143380700463917,0.0,87.64041989510734,91.91272132992079,0.02024447503156848,5.748027171830971,7.738554879777412,0.8073443381896576,3.7448100858127207,3.7448100858127207,0.2413280233185285,0.1416109463649101,0.19288568051388086,1.5579877440375363,1.4856195084896626,0.43147336160808064,0.9375648917768162,0.021301767905739524,12.054533880572668,47.41175132509801,66.0219278016947,nan,nan,nan,-0.17861505837199299,0.0,balanced_or_slow,81.43486860367436,2,204.98216634975722,0.9030051381046573,0.09699486189534265,0.42755143755075814,0.44839374549828803,0.2658516716138659,188.0990404429952,11.10778452409472
RICE_fast_fermenter_strong_koji_30C,rice_wine,fast_fermenter,rice_temp_x_saccharification_x_strain:30.0_strong_koji,192.0,0.05,2.0,30.0,0.0,25.0,0.0,4.4,0.02,1.05,0.95,0.7,227.0,12.0,58.27309690561941,46.27309690561941,56.73547636268328,48.80367215281876,0.0,71.57089041836008,75.06180546763386,0.010694652129395217,1.884112407104152,6.381765070216272,0.6593995029569227,3.8136064333421844,3.8136064333421844,0.3939468877742789,0.2506969939830649,0.11980294353279741,1.6844434169720213,1.6062008688446738,0.7367371418412957,1.6693803738808852,0.039609256974656185,24.67265386853915,45.508185361859276,58.984087146661466,nan,nan,nan,-3.0669726794015633,1.0,ethanol_inhibited,56.881461179855016,11,170.26452363731673,0.750063980781131,0.24993601921886907,0.4203511623526133,0.44085405382229975,0.8374992019364,153.67386045916714,9.071088772922698
BEER_lager_like_lager_cool_session_wort_low_o2,beer_wort,lager_like,beer_style_x_wort_x_oxygen_x_strain:lager_cool_session_wort_low_o2,240.0,0.05,2.0,12.0,0.0,25.0,0.0,5.2,0.02,0.0,0.0,0.03,72.0,69.0,69.0,0.0,3.000000000004607,4.6070858180314455e-12,68.9999999999954,31.92249648370459,33.5719052652688,1.8489158674929172e-14,1.9674593767546167,2.579680518914667,0.2982223987829623,5.003684843669129,5.003684843669129,0.09050746864614567,0.06333612527289938,0.13159264979392477,0.5663458128439283,0.5385648360795408,0.3255373740162718,0.6799861518267852,0.00598450413461089,6.008088127933584,20.67912375951803,30.263919488482408,46.0,114.0,0.4626448765754597,0.9999999999999333,0.0,completed,48.705854403049905,11,68.9999999999954,0.9583333333332694,0.041666666666730655,0.4626448765754597,0.4865493516705948,6.676935968161515e-14,68.37230466667103,4.045943787541773
BEER_stress_tolerant_lager_cool_session_wort_low_o2,beer_wort,stress_tolerant,beer_style_x_wort_x_oxygen_x_strain:lager_cool_session_wort_low_o2,240.0,0.05,2.0,12.0,0.0,25.0,0.0,5.2,0.02,0.0,0.0,0.03,72.0,69.0,69.0,0.0,55.36533169622344,52.36533169622344,16.634668303776557,7.695054351748444,8.093169670762522,0.001052390169030094,0.4170519595597182,0.8631609492003857,0.07191086231842853,5.1526715174719255,5.1526715174719255,0.3386756821835658,0.3326968059529651,0.09118418132620974,0.03523350351821569,0.03350519946413814,0.06955704650499889,0.14002405354143027,0.001172225179018368,0.7997680138826686,2.3851203185373837,3.945303729760096,nan,nan,0.4625913911371134,0.24108214933009509,1.0,balanced_or_slow,10.55513837447172,32,16.634668303776557,0.2310370597746744,0.7689629402253256,0.4625913911371134,0.486524259033475,0.7589178506699049,16.72329583402978,0.9752920597906775
BEER_lager_like_lager_cool_session_wort_aerated_pitch,beer_wort,lager_like,beer_style_x_wort_x_oxygen_x_strain:lager_cool_session_wort_aerated_pitch,240.0,0.05,2.0,12.0,0.0,25.0,0.0,5.2,0.08,0.0,0.0,0.03,72.0,69.0,69.0,0.0,3.0000000000046185,4.6185709957150234e-12,68.99999999999538,30.57724289268538,32.94078097417609,2.0991781268994556e-14,2.206632003967091,2.577295215967358,0.32054788391105643,5.003075966801877,5.003075966801877,0.09050746864614567,0.06140540158635038,0.12280477835561113,0.5557101421085502,0.5159589584282607,0.31956171930625865,0.6742484831723883,0.006003348788849916,6.1577109636550285,19.161582013770577,29.251737968581942,50.0,114.0,0.44314844772010764,0.999999999999933,0.0,completed,48.18059230926328,17,68.99999999999538,0.9583333333332692,0.041666666666730814,0.44314844772010764,0.4774026228141782,6.69358115321018e-14,66.41586696673988,3.875442698692697
BEER_stress_tolerant_lager_cool_session_wort_aerated_pitch,beer_wort,stress_tolerant,beer_style_x_wort_x_oxygen_x_strain:lager_cool_session_wort_aerated_pitch,240.0,0.05,2.0,12.0,0.0,25.0,0.0,5.2,0.08,0.0,0.0,0.03,72.0,69.0,69.0,0.0,53.23855157746292,50.23855157746292,18.76144842253708,8.309903742551926,8.954792850368793,0.0012590037283076191,0.5321160697294274,0.9728122608736737,0.08722834023660231,5.146453458659356,5.146453458659356,0.3386756821835658,0.3321594605285062,0.09007628039226392,0.038570466140966264,0.03581146441863048,0.06589782026618685,0.13558368694010803,0.0011600354771464094,0.7740661616734424,2.3810648845486875,4.042554939844956,nan,nan,0.44292442435146445,0.2719050496019867,1.0,balanced_or_slow,11.95235480321737,31,18.76144842253708,0.2605756725352372,0.7394243274647628,0.44292442435146445,0.4772975224882905,0.7280949503980133,18.324737194030995,1.0532197392334508
BEER_lager_like_lager_cool_standard_wort_low_o2,beer_wort,lager_like,beer_style_x_wort_x_oxygen_x_strain:lager_cool_standard_wort_low_o2,240.0,0.05,2.0,12.0,0.0,25.0,0.0,5.2,0.02,0.0,0.0,0.03,110.0,106.0,106.0,0.0,4.000001537764851,1.5377648503207151e-06,105.99999846223515,49.04337049853057,51.57564468115956,1.725818218077861e-08,3.525961320397083,4.014589351828103,0.45808872646482834,4.898415766199409,4.898415766199409,0.10530746864614568,0.08214181748038983,0.16655279067878395,0.5054816138845055,0.48068628101666633,0.2957003485098789,0.6147259398891161,0.0053775216747646345,5.1558951933437545,19.329015890083948,27.421378338744027,104.0,198.0,0.4626733133020125,0.9999999854927845,0.0,completed,54.16941575837028,3,105.99999846223515,0.9636363496566832,0.036363650343316824,0.4626733133020125,0.4865626927299864,1.450721556906335e-08,105.09169325798307,6.215889797025421
BEER_stress_tolerant_lager_cool_standard_wort_low_o2,beer_wort,stress_tolerant,beer_style_x_wort_x_oxygen_x_strain:lager_cool_standard_wort_low_o2,240.0,0.05,2.0,12.0,0.0,25.0,0.0,5.2,0.02,0.0,0.0,0.03,110.0,106.0,106.0,0.0,96.751263561067,92.751263561067,13.248736438932994,6.128008856048377,6.445483305949088,0.000733624087706463,0.31343665101722945,0.6981794320350914,0.057285966890218504,5.162304737887723,5.162304737887723,0.3534756821835658,0.3484378436329629,0.08348063784570482,0.03204239441979528,0.03047063559098557,0.06316849777662144,0.127253286616212,0.001064962419609464,0.718876249059053,2.083854431211523,3.3514907235297198,nan,nan,0.46253534322265566,0.12498807961257541,1.0,balanced_or_slow,5.4180183736558,34,13.248736438932994,0.12044305853575449,0.8795569414642455,0.46253534322265566,0.48649796421402614,0.8750119203874246,13.328957560922776,0.7766804633774876
BEER_lager_like_lager_cool_standard_wort_aerated_pitch,beer_wort,lager_like,beer_style_x_wort_x_oxygen_x_strain:lager_cool_standard_wort_aerated_pitch,240.0,0.05,2.0,12.0,0.0,25.0,0.0,5.2,0.08,0.0,0.0,0.03,110.0,106.0,106.0,0.0,4.000000000004545,4.544564375952671e-12,105.99999999999545,46.98219895908786,50.60864866059282,3.718180435305568e-14,3.8795506164670104,4.006183199249258,0.49229542153000955,4.897482852140095,4.897482852140095,0.10530746864614568,0.07995402242457843,0.153301010410588,0.49675388206967597,0.4612184949302547,0.2900823493489405,0.6087141803689593,0.005383356080872488,5.2530349941243974,17.786249596490116,26.191588769352954,106.0,188.0,0.44322829206688563,0.9999999999999571,0.0,completed,53.36557016379401,8,105.99999999999545,0.9636363636363223,0.03636363636367768,0.44322829206688563,0.4774400817037263,4.2873248829742177e-14,102.08932624045995,5.954651325613164
BEER_stress_tolerant_lager_cool_standard_wort_aerated_pitch,beer_wort,stress_tolerant,beer_style_x_wort_x_oxygen_x_strain:lager_cool_standard_wort_aerated_pitch,240.0,0.05,2.0,12.0,0.0,25.0,0.0,5.2,0.08,0.0,0.0,0.03,110.0,106.0,106.0,0.0,95.1970429637583,91.1970429637583,14.802957036241693,6.55501095621266,7.064673337958429,0.0008897186504127351,0.3960624064323259,0.7796663680794306,0.06885019622541387,5.1577505663677385,5.1577505663677385,0.3534756821835658,0.3480281212982314,0.08285585040195749,0.0316690819445176,0.02940373275721798,0.05974937679515466,0.12308754068418985,0.0010537448240502687,0.6945238251966701,2.071349644758854,3.4100223930715328,nan,nan,0.44281767083186135,0.13965053807775185,1.0,balanced_or_slow,6.115590744053476,33,14.802957036241693,0.1345723366931063,0.8654276633068937,0.44281767083186135,0.4772474391881415,0.8603494619222481,14.468200858475933,0.8307998677075615
BEER_lager_like_lager_cool_high_gravity_wort_low_o2,beer_wort,lager_like,beer_style_x_wort_x_oxygen_x_strain:lager_cool_high_gravity_wort_low_o2,240.0,0.05,2.0,12.0,0.0,25.0,0.0,5.2,0.02,0.0,0.0,0.03,170.0,164.0,164.0,0.0,80.27403102229302,74.27403102229302,89.72596897770698,41.5147133351675,43.65773223609721,0.005735849398080843,2.9099619225633204,3.4692333503155113,0.3877440447233198,4.944717974295617,4.944717974295617,0.12850746864614565,0.10326845422396243,0.16474746393370396,0.42414862322636804,0.40334322580091175,0.2578663133410644,0.5327898776922216,0.004624116574575125,4.177043882595117,17.691349743926676,23.697948853280355,218.0,nan,0.4626833658991424,0.5471095669372377,1.0,nitrogen_limited,33.63424860148331,26,89.72596897770698,0.5277998175159234,0.4722001824840766,0.4626833658991424,0.486567408895236,0.4528904330627623,89.02942296630354,5.261687368208809
BEER_stress_tolerant_lager_cool_high_gravity_wort_low_o2,beer_wort,stress_tolerant,beer_style_x_wort_x_oxygen_x_strain:lager_cool_high_gravity_wort_low_o2,240.0,0.05,2.0,12.0,0.0,25.0,0.0,5.2,0.02,0.0,0.0,0.03,170.0,164.0,164.0,0.0,160.27161731936545,154.27161731936545,9.728382680634553,4.498266477573712,4.732156064994752,0.0004382457050791378,0.21157464020555988,0.5247172102166423,0.04208851019936511,5.172320178774651,5.172320178774651,0.3766756821835658,0.37270387471765254,0.07335763533969182,0.027968816152776996,0.02659684860162051,0.05528986488144776,0.11122749718700176,0.0009295119445965696,0.6181998222784593,1.7248124412397792,2.6742680565900727,nan,nan,0.46238584821791817,0.05931940658923507,1.0,balanced_or_slow,2.278524545016484,36,9.728382680634553,0.0572257804743209,0.9427742195256791,0.46238584821791817,0.48642782879158775,0.9406805934107649,9.797228262984472,0.5701224939890637
BEER_lager_like_lager_cool_high_gravity_wort_aerated_pitch,beer_wort,lager_like,beer_style_x_wort_x_oxygen_x_strain:lager_cool_high_gravity_wort_aerated_pitch,240.0,0.05,2.0,12.0,0.0,25.0,0.0,5.2,0.08,0.0,0.0,0.03,170.0,164.0,164.0,0.0,74.83012203068002,68.83012203068002,95.16987796931998,42.184858826785444,45.439263753808774,0.007000509009948122,3.566051420704774,3.6736867817902676,0.44194938914476545,4.928392622197905,4.928392622197905,0.12850746864614565,0.10170042942325445,0.15665885124510784,0.41939611230487017,0.38939492275717313,0.25273251966857574,0.5266903218431171,0.004617656619348664,4.221607165014966,16.14321144260674,22.2576700896906,210.0,nan,0.44325851547676276,0.5803041339592683,1.0,nitrogen_limited,35.04466618522881,25,95.16987796931998,0.5598228115842352,0.4401771884157648,0.44325851547676276,0.47745426098431143,0.4196958660407318,91.73975875152925,5.346623425448092
BEER_stress_tolerant_lager_cool_high_gravity_wort_aerated_pitch,beer_wort,stress_tolerant,beer_style_x_wort_x_oxygen_x_strain:lager_cool_high_gravity_wort_aerated_pitch,240.0,0.05,2.0,12.0,0.0,25.0,0.0,5.2,0.08,0.0,0.0,0.03,170.0,164.0,164.0,0.0,159.30697756217242,153.30697756217242,10.69302243782758,4.7323996380540025,5.101969802719808,0.0005251690359835306,0.2614059395025155,0.5765545548068725,0.04977857313303178,5.169479614084116,5.169479614084116,0.3766756821835658,0.3724281628847041,0.07303263177561832,0.027633646669776555,0.025657018682530452,0.0519121715166423,0.10717946485619541,0.0009168371870874889,0.5954729654968363,1.7051046780468022,2.69692642732193,nan,nan,0.44256894302519095,0.065201356328217,1.0,balanced_or_slow,2.570417361527453,35,10.69302243782758,0.06290013198722105,0.9370998680127789,0.44256894302519095,0.47713074880223827,0.934798643671783,10.460702568713716,0.5997971657863121
BEER_ale_like_ale_cool_session_wort_low_o2,beer_wort,ale_like,beer_style_x_wort_x_oxygen_x_strain:ale_cool_session_wort_low_o2,240.0,0.05,2.0,18.0,0.0,25.0,0.0,5.2,0.02,0.0,0.0,0.03,72.0,69.0,69.0,0.0,3.000000000007072,7.072270285585512e-12,68.99999999999292,31.974669095090977,33.596381990483714,3.125906241969615e-14,1.3026335570066914,2.649587897266927,0.2973565554488221,5.003708457577384,5.003708457577384,0.11941341027733422,0.09135817318975248,0.09226894257485287,0.7397616784911181,0.7041113516280602,0.43366445872775516,0.9170125167390353,0.00819696209392303,9.287524306981156,24.99974006421068,31.97466909423731,36.0,88.0,0.46340100137817763,0.9999999999998975,0.0,completed,48.71226252883623,10,68.99999999999292,0.958333333333235,0.04166666666676489,0.46340100137817763,0.4869040868186545,1.0249667080558713e-13,68.51799553829044,4.0525562858163475
BEER_stress_tolerant_ale_cool_session_wort_low_o2,beer_wort,stress_tolerant,beer_style_x_wort_x_oxygen_x_strain:ale_cool_session_wort_low_o2,240.0,0.05,2.0,18.0,0.0,25.0,0.0,5.2,0.02,0.0,0.0,0.03,72.0,69.0,69.0,0.0,3.420961044024171,0.4209610440241709,68.57903895597583,31.782275604341905,33.39267178748096,0.0012024129502298862,1.7124932209355366,3.116204195758805,0.29549793616560954,5.004907222770094,5.004907222770094,0.22467412997957864,0.20252491027043384,0.1196165900970025,0.3650263655401984,0.3474361487354134,0.23683892731417058,0.4869962504585394,0.004200660431903249,3.6322902743412286,16.773009347904697,21.444210255988168,68.0,200.0,0.46344008443665224,0.9938991153039975,0.0,completed,48.310414559958645,13,68.57903895597583,0.952486652166331,0.04751334783366904,0.46344008443665224,0.4869224225920884,0.006100884696002477,68.58664952374727,4.028171812971091
BEER_ale_like_ale_cool_session_wort_aerated_pitch,beer_wort,ale_like,beer_style_x_wort_x_oxygen_x_strain:ale_cool_session_wort_aerated_pitch,240.0,0.05,2.0,18.0,0.0,25.0,0.0,5.2,0.08,0.0,0.0,0.03,72.0,69.0,69.0,0.0,3.0000000000070974,7.097410218980082e-12,68.99999999999291,30.757494024870002,33.02534560118233,3.545581654594969e-14,1.4560427222136494,2.6474240830731746,0.3175564821472283,5.003157550485353,5.003157550485353,0.11941341027733422,0.08940181064601682,0.08670066987726556,0.7279878751985773,0.678109956088802,0.4280844407968323,0.9128034280896573,0.008227763772840757,9.587506274572437,23.732467364867667,30.75749402485334,38.0,86.0,0.44576078296917626,0.9999999999998972,0.0,completed,48.23701056098965,16,68.99999999999291,0.9583333333332349,0.041666666666765245,0.44576078296917626,0.4786281971186337,1.02861017666378e-13,66.74782019127274,3.898288216079848
BEER_stress_tolerant_ale_cool_session_wort_aerated_pitch,beer_wort,stress_tolerant,beer_style_x_wort_x_oxygen_x_strain:ale_cool_session_wort_aerated_pitch,240.0,0.05,2.0,18.0,0.0,25.0,0.0,5.2,0.08,0.0,0.0,0.03,72.0,69.0,69.0,0.0,3.1400891744427746,0.14008917444277447,68.85991082555722,30.69638652768342,32.95892305121979,0.0006182602127033906,1.9218138112699148,3.1271179106260405,0.3168895364685376,5.003557801299339,5.003557801299339,0.22467412997957864,0.20198394248505397,0.11232616915526054,0.36362666531338306,0.3387155600704297,0.2317134581909516,0.48116501627232905,0.004188531115760436,3.654048145307401,15.338586620644055,19.999824766035722,74.0,200.0,0.4457802248023027,0.9979697221095251,0.0,completed,48.03954004382464,18,68.85991082555722,0.9563876503549614,0.04361234964503854,0.4457802248023027,0.4786373182317156,0.0020302778904749924,67.09931702599779,3.8905432861449203
BEER_ale_like_ale_cool_standard_wort_low_o2,beer_wort,ale_like,beer_style_x_wort_x_oxygen_x_strain:ale_cool_standard_wort_low_o2,240.0,0.05,2.0,18.0,0.0,25.0,0.0,5.2,0.02,0.0,0.0,0.03,110.0,106.0,106.0,0.0,4.000000000007132,7.131769522925106e-12,105.99999999999287,49.12371218430971,51.613337312048834,4.0318210018703715e-14,2.2086199522536445,4.122166332132524,0.45675541481571974,4.898452125049995,4.898452125049995,0.13421341027733422,0.11320846162665481,0.11717531855818461,0.6618967235587849,0.6300008441512421,0.3933426940848785,0.8265274166180536,0.007330314643955273,7.832287951516309,22.956087550115786,34.74941164015862,80.0,154.0,0.4634312470218209,0.9999999999999327,0.0,completed,54.179299273464906,2,105.99999999999287,0.9636363636362988,0.0363636363637012,0.4634312470218209,0.4869182765287954,6.728084455589722e-14,105.31597124330679,6.226072520191345
BEER_stress_tolerant_ale_cool_standard_wort_low_o2,beer_wort,stress_tolerant,beer_style_x_wort_x_oxygen_x_strain:ale_cool_standard_wort_low_o2,240.0,0.05,2.0,18.0,0.0,25.0,0.0,5.2,0.02,0.0,0.0,0.03,110.0,106.0,106.0,0.0,47.13959324760581,43.13959324760581,62.86040675239419,29.131279234460425,30.60778828189476,0.0024867891521929615,1.520459395851287,2.906898418895399,0.27086960862704784,5.021175174076369,5.021175174076369,0.23947412997957862,0.21849749229764945,0.1183407740009826,0.32164278696767745,0.306143085709186,0.2151350334431984,0.4412945768569047,0.003791237729200424,3.177319988742427,15.364830082396136,20.031198221621995,178.0,nan,0.4634281058537836,0.593022705211266,1.0,nitrogen_limited,31.426539474050536,27,62.86040675239419,0.5714582432035835,0.42854175679641643,0.4634281058537836,0.4869168028526794,0.40697729478873407,62.91683554387763,3.6921773427706497
BEER_ale_like_ale_cool_standard_wort_aerated_pitch,beer_wort,ale_like,beer_style_x_wort_x_oxygen_x_strain:ale_cool_standard_wort_aerated_pitch,240.0,0.05,2.0,18.0,0.0,25.0,0.0,5.2,0.08,0.0,0.0,0.03,110.0,106.0,106.0,0.0,4.000000000007078,7.077684474510927e-12,105.99999999999292,47.253556135169404,50.73595559115531,4.603317034652831e-14,2.4400842687422584,4.114508813683486,0.48779204712216645,4.897605671441292,4.897605671441292,0.13421341027733422,0.11028955961058765,0.10856945903438847,0.6505435880802066,0.6059702728245808,0.3876277159263934,0.8223903254597014,0.007375911561984297,8.08425654920329,21.596157419532325,34.23449656915455,82.0,146.0,0.44578826542615624,0.9999999999999333,0.0,completed,53.44995425960256,7,105.99999999999292,0.9636363636362993,0.036363636363700706,0.44578826542615624,0.4786410904826292,6.677060825010308e-14,102.59181258713036,5.989043870110191
BEER_stress_tolerant_ale_cool_standard_wort_aerated_pitch,beer_wort,stress_tolerant,beer_style_x_wort_x_oxygen_x_strain:ale_cool_standard_wort_aerated_pitch,240.0,0.05,2.0,18.0,0.0,25.0,0.0,5.2,0.08,0.0,0.0,0.03,110.0,106.0,106.0,0.0,47.08669545932474,43.08669545932474,62.91330454067526,28.0443177047964,30.112097390536565,0.002768887391650892,1.7135995732255875,2.9080222944527896,0.28954331811062806,5.020521624395141,5.020521624395141,0.23947412997957862,0.21810939172862898,0.11139481491923015,0.32102252030701095,0.299030377713736,0.2102841317611853,0.4356361147211679,0.0037858665631461475,3.183882125400769,14.589969252152759,18.560417041523873,184.0,nan,0.4457613204320708,0.5935217409497666,1.0,nitrogen_limited,31.020135643909555,28,62.91330454067526,0.5719391321879569,0.42806086781204306,0.4457613204320708,0.47862844926653353,0.4064782590502334,61.35398070789638,3.554412890341749
BEER_ale_like_ale_cool_high_gravity_wort_low_o2,beer_wort,ale_like,beer_style_x_wort_x_oxygen_x_strain:ale_cool_high_gravity_wort_low_o2,240.0,0.05,2.0,18.0,0.0,25.0,0.0,5.2,0.02,0.0,0.0,0.03,170.0,164.0,164.0,0.0,56.00491772559187,50.00491772559187,113.99508227440813,52.830539997177134,55.50706630992652,0.0071904229528236795,2.952406526282841,4.529152809990232,0.49117883414825897,4.875708534683934,4.875708534683934,0.15741341027733421,0.1341852360930775,0.13392770801351966,0.5560375070763257,0.5292420785046472,0.3423710649245991,0.7136003914194974,0.006264069737900799,6.1860927659484535,20.489189790410304,28.72383271459783,170.0,nan,0.4634457815469955,0.6950919650878544,1.0,nitrogen_limited,43.14702715313159,23,113.99508227440813,0.6705593074965185,0.3294406925034816,0.4634457815469955,0.4869250953853458,0.3049080349121456,113.35793795124215,6.695885931201158
BEER_stress_tolerant_ale_cool_high_gravity_wort_low_o2,beer_wort,stress_tolerant,beer_style_x_wort_x_oxygen_x_strain:ale_cool_high_gravity_wort_low_o2,240.0,0.05,2.0,18.0,0.0,25.0,0.0,5.2,0.02,0.0,0.0,0.03,170.0,164.0,164.0,0.0,116.34384258062985,110.34384258062985,53.656157419370146,24.86487255988297,26.125662933997177,0.001624934681943019,1.169641274967099,2.5495776814468596,0.23122281250673007,5.0473589485151695,5.0473589485151695,0.2626741299795786,0.24347582992511305,0.1132076270979989,0.2638598958611489,0.2511446214462989,0.18762621383379116,0.38361154044792456,0.003280222882636266,2.638612624447,12.183041767312632,18.313832328473136,nan,nan,0.46341135399507055,0.32717169158152526,1.0,nitrogen_limited,19.430562068891092,29,53.656157419370146,0.31562445540805967,0.6843755445919403,0.46341135399507055,0.4869089437359836,0.6728283084184747,53.77133598783374,3.151441389085294
BEER_ale_like_ale_cool_high_gravity_wort_aerated_pitch,beer_wort,ale_like,beer_style_x_wort_x_oxygen_x_strain:ale_cool_high_gravity_wort_aerated_pitch,240.0,0.05,2.0,18.0,0.0,25.0,0.0,5.2,0.08,0.0,0.0,0.03,170.0,164.0,164.0,0.0,45.11868946565347,39.11868946565347,124.88131053434654,55.67630804514653,59.775993878272075,0.008913944225647228,3.7658815749314107,4.957180008867296,0.5745859333224979,4.843744082179349,4.843744082179349,0.15741341027733421,0.1330711555926169,0.1288003840115396,0.5504103464455712,0.5127023593221764,0.3370160162166661,0.7085854117177466,0.006284434503288302,6.339976061073317,19.066192923963794,27.66536929707613,164.0,nan,0.44583379055614314,0.7614714056972349,1.0,nitrogen_limited,46.552047085341954,19,124.88131053434654,0.7345959443196856,0.2654040556803145,0.44583379055614314,0.47866244854814904,0.23852859430276505,120.9840678656084,7.0565662921605234
BEER_stress_tolerant_ale_cool_high_gravity_wort_aerated_pitch,beer_wort,stress_tolerant,beer_style_x_wort_x_oxygen_x_strain:ale_cool_high_gravity_wort_aerated_pitch,240.0,0.05,2.0,18.0,0.0,25.0,0.0,5.2,0.08,0.0,0.0,0.03,170.0,164.0,164.0,0.0,117.31377269732995,111.31377269732995,52.68622730267005,23.485465418984425,25.21711937484846,0.0017468453395298165,1.2770278272631783,2.5032936379671007,0.2424759398276181,5.04969730899742,5.04969730899742,0.2626741299795786,0.2432583536408076,0.1057125436491166,0.2655368325386034,0.24734544117109536,0.18360879477085768,0.3783920156962336,0.003266778626122314,2.6279456323236663,12.493065384184986,16.842716424766103,nan,nan,0.4457610009550679,0.3212574835528661,1.0,nitrogen_limited,18.688817698100593,30,52.68622730267005,0.3099189841333532,0.6900810158666468,0.4457610009550679,0.4786282993842396,0.6787425164471339,51.4483543716276,2.9766115866900416
BEER_ale_like_ale_warm_session_wort_low_o2,beer_wort,ale_like,beer_style_x_wort_x_oxygen_x_strain:ale_warm_session_wort_low_o2,240.0,0.05,2.0,22.0,0.0,25.0,0.0,5.2,0.02,0.0,0.0,0.03,72.0,69.0,69.0,0.0,3.000000000007081,7.080800407393953e-12,68.99999999999292,32.00981005395117,33.61286833396551,3.7608638607081745e-14,1.297132036525537,2.6496514902849166,0.29677336506861596,5.003724362769384,5.003724362769384,0.11941341027733422,0.09141054019450537,0.09241737605153985,0.7431410823827287,0.7077579064334723,0.43380493004332527,0.9171703954700736,0.008196636392113692,9.28279314143436,25.104497238679013,32.00981005332992,36.0,86.0,0.46391029063702105,0.9999999999998974,0.0,completed,48.725983263996206,9,68.99999999999292,0.958333333333235,0.041666666666765016,0.46391029063702105,0.4871430193328834,1.0262029575933265e-13,68.5691032432702,4.0570101462549015
BEER_stress_tolerant_ale_warm_session_wort_low_o2,beer_wort,stress_tolerant,beer_style_x_wort_x_oxygen_x_strain:ale_warm_session_wort_low_o2,240.0,0.05,2.0,22.0,0.0,25.0,0.0,5.2,0.02,0.0,0.0,0.03,72.0,69.0,69.0,0.0,3.0000000000110676,1.1067597216210946e-11,68.99999999998893,32.01042581696762,33.61315721858838,6.665553626710517e-14,1.7490032900586916,2.7974784356474607,0.2967631460252592,5.003724641469995,5.003724641469995,0.12824826784754806,0.10219145158454124,0.10127715137512264,0.6524198240110701,0.6213581997365525,0.384874643399688,0.8091733372795011,0.007181049257749253,7.678028577821184,22.970147142924503,32.01023374476035,40.0,98.0,0.4639192147387356,0.9999999999998396,0.0,completed,48.69665852153462,12,68.99999999998893,0.9583333333331796,0.04166666666682038,0.4639192147387356,0.48714720606657635,1.603999596552311e-13,68.71782461722871,4.057088189729736
BEER_ale_like_ale_warm_session_wort_aerated_pitch,beer_wort,ale_like,beer_style_x_wort_x_oxygen_x_strain:ale_warm_session_wort_aerated_pitch,240.0,0.05,2.0,22.0,0.0,25.0,0.0,5.2,0.08,0.0,0.0,0.03,72.0,69.0,69.0,0.0,3.0000000000071387,7.138828349649305e-12,68.99999999999287,30.8778831307456,33.08182602215011,4.252732464530391e-14,1.4396732654614477,2.6476342785275953,0.3155585352846387,5.00321203994504,5.00321203994504,0.11941341027733422,0.0895832838361719,0.08717131579563611,0.7289995301792818,0.680544430006214,0.4285758651632514,0.9133429993527454,0.00822745750728759,9.568875951427218,23.904542862692324,30.877883130727824,38.0,86.0,0.4475055526195477,0.9999999999998965,0.0,completed,48.28401784192216,14,68.99999999999287,0.9583333333332342,0.041666666666765814,0.4475055526195477,0.47944675394425407,1.0346128042970007e-13,66.92290196670794,3.9135466578891767
BEER_stress_tolerant_ale_warm_session_wort_aerated_pitch,beer_wort,stress_tolerant,beer_style_x_wort_x_oxygen_x_strain:ale_warm_session_wort_aerated_pitch,240.0,0.05,2.0,22.0,0.0,25.0,0.0,5.2,0.08,0.0,0.0,0.03,72.0,69.0,69.0,0.0,3.000000000010804,1.0803786292808568e-11,68.9999999999892,30.875625676891218,33.08076694013198,7.170792127271089e-14,1.918202183994536,2.7959040375858595,0.3155959994149494,5.003211018195463,5.003211018195463,0.12824826784754806,0.1012854878204042,0.09550803749634967,0.6447823933209653,0.6019296800900023,0.3795212862214388,0.8052028752403465,0.0072212647561757685,7.89377360371001,21.667551696211586,30.875617581725106,42.0,98.0,0.44747283589704423,0.9999999999998435,0.0,completed,48.25348165355792,15,68.9999999999892,0.9583333333331834,0.04166666666681672,0.44747283589704423,0.479431404929524,1.565766129392546e-13,67.067892654024,3.9132605420647932
BEER_ale_like_ale_warm_standard_wort_low_o2,beer_wort,ale_like,beer_style_x_wort_x_oxygen_x_strain:ale_warm_standard_wort_low_o2,240.0,0.05,2.0,22.0,0.0,25.0,0.0,5.2,0.02,0.0,0.0,0.03,110.0,106.0,106.0,0.0,4.00000000000708,7.079577501138822e-12,105.99999999999292,49.177679561645,51.6386560497182,4.463773463880374e-14,2.1967757176548734,4.122391162474267,0.4558597860005773,4.8984765512903605,4.8984765512903605,0.13421341027733422,0.11331526922963155,0.11737160990746474,0.6637275187487415,0.632127217233112,0.39347546611202017,0.8266941630804081,0.007330372450972468,7.828550072279606,23.065880349027243,34.87462276654434,80.0,154.0,0.463940373223097,0.9999999999999332,0.0,completed,54.20034532214124,1,105.99999999999292,0.9636363636362993,0.03636363636370073,0.463940373223097,0.48715713254454385,6.678846699187568e-14,105.39458655983805,6.2329124919702155
BEER_stress_tolerant_ale_warm_standard_wort_low_o2,beer_wort,stress_tolerant,beer_style_x_wort_x_oxygen_x_strain:ale_warm_standard_wort_low_o2,240.0,0.05,2.0,22.0,0.0,25.0,0.0,5.2,0.02,0.0,0.0,0.03,110.0,106.0,106.0,0.0,4.000000000010688,1.0687954364879817e-11,105.99999999998931,49.17835546193088,51.638973147633365,8.626163508143076e-14,3.1357479790554197,4.35409002775027,0.45584856893269654,4.898476857210234,4.898476857210234,0.14304826784754807,0.11772987106866158,0.12636755302841488,0.5874899669190592,0.5595190433461816,0.349431081578061,0.7307653835485772,0.00644212932087369,6.55560983164612,21.371274687140268,31.52483935505794,90.0,168.0,0.4639467496409041,0.9999999999998992,0.0,completed,54.15426969797462,4,105.99999999998931,0.9636363636362665,0.03636363636373353,0.4639467496409041,0.4871601240343261,1.0082975815924356e-13,105.62726720624721,6.232998157405688
BEER_ale_like_ale_warm_standard_wort_aerated_pitch,beer_wort,ale_like,beer_style_x_wort_x_oxygen_x_strain:ale_warm_standard_wort_aerated_pitch,240.0,0.05,2.0,22.0,0.0,25.0,0.0,5.2,0.08,0.0,0.0,0.03,110.0,106.0,106.0,0.0,4.000000000007212,7.2118791571212715e-12,105.9999999999928,47.43844309270453,50.82269511060148,5.23664911461145e-14,2.412267974508318,4.115251581307321,0.4847237103803822,4.897689353352361,4.897689353352361,0.13421341027733422,0.11058914214486389,0.10928985094887726,0.6549354293763896,0.6114056474424006,0.3880669209022376,0.8229443295471176,0.0073759689063738225,8.067889490384317,21.778376750443062,34.36887488021978,82.0,146.0,0.44753248200667695,0.9999999999999319,0.0,completed,53.522061460202906,5,105.99999999999278,0.963636363636298,0.03636363636370193,0.447532482006677,0.47945938783589565,6.803659582189879e-14,102.86111349499372,6.012476944575987
BEER_stress_tolerant_ale_warm_standard_wort_aerated_pitch,beer_wort,stress_tolerant,beer_style_x_wort_x_oxygen_x_strain:ale_warm_standard_wort_aerated_pitch,240.0,0.05,2.0,22.0,0.0,25.0,0.0,5.2,0.08,0.0,0.0,0.03,110.0,106.0,106.0,0.0,4.000000000010941,1.0940832591691561e-11,105.99999999998906,47.44025956863645,50.82354730837995,9.861921204492065e-14,3.413730843886439,4.348548828619241,0.4846935646106974,4.89769017550946,4.89769017550946,0.14304826784754807,0.11629154028713569,0.11809788608761411,0.5767126381496555,0.5383796009509974,0.34435366188365063,0.7261887392616961,0.006464679965302618,6.709780775701487,20.025722168101566,30.613172462158396,92.0,162.0,0.4475496185720882,0.9999999999998967,0.0,completed,53.47611190850385,6,105.99999999998906,0.9636363636362641,0.036363636363735824,0.4475496185720882,0.4794674274375962,1.0321540180841095e-13,103.09704927024634,6.012707169662415
BEER_ale_like_ale_warm_high_gravity_wort_low_o2,beer_wort,ale_like,beer_style_x_wort_x_oxygen_x_strain:ale_warm_high_gravity_wort_low_o2,240.0,0.05,2.0,22.0,0.0,25.0,0.0,5.2,0.02,0.0,0.0,0.03,170.0,164.0,164.0,0.0,55.902043310688,49.902043310688,114.097956689312,52.93625751350189,55.58438822506155,0.007152077895050679,2.9390200935537134,4.533574649456744,0.4906588662178828,4.8754421490413895,4.8754421490413895,0.15741341027733421,0.13429097786893487,0.13421474982673628,0.558379626300364,0.5317942857215154,0.34249259621415795,0.7137712017132091,0.006264501269221506,6.184026454275982,20.603234403472477,28.860300620931866,168.0,nan,0.4639544742913055,0.695719248105561,1.0,nitrogen_limited,43.20993473494996,22,114.097956689312,0.6711644511136,0.3288355488864,0.4639544742913055,0.48716374804517737,0.30428075189443904,113.54487925423807,6.709284855957148
BEER_stress_tolerant_ale_warm_high_gravity_wort_low_o2,beer_wort,stress_tolerant,beer_style_x_wort_x_oxygen_x_strain:ale_warm_high_gravity_wort_low_o2,240.0,0.05,2.0,22.0,0.0,25.0,0.0,5.2,0.02,0.0,0.0,0.03,170.0,164.0,164.0,0.0,58.64084765688114,52.64084765688114,111.35915234311886,51.66605727653515,54.25036736386624,0.00872843773104624,3.712029446877767,4.703792948898277,0.47887313288982586,4.883233044530861,4.883233044530861,0.16624826784754804,0.1416164849384285,0.13771318649711478,0.4987752816530735,0.4750279029033617,0.3045482596900335,0.6325906109786521,0.0055286958937606975,5.273352708788445,19.425686881748163,26.898295820176042,182.0,nan,0.46395878730597856,0.6790192216043833,1.0,nitrogen_limited,42.08109792216212,24,111.35915234311886,0.6550538373124639,0.34494616268753614,0.46395878730597856,0.4871657714914215,0.32098077839561673,111.09909072218949,6.548296232767446
BEER_ale_like_ale_warm_high_gravity_wort_aerated_pitch,beer_wort,ale_like,beer_style_x_wort_x_oxygen_x_strain:ale_warm_high_gravity_wort_aerated_pitch,240.0,0.05,2.0,22.0,0.0,25.0,0.0,5.2,0.08,0.0,0.0,0.03,170.0,164.0,164.0,0.0,45.95021342721116,39.95021342721116,124.04978657278883,55.52182057173703,59.479420536830524,0.008736835900766664,3.684313905997054,4.924804812985912,0.5671714804488974,4.8462140871528785,4.8462140871528785,0.15741341027733421,0.13322701865948733,0.12931664553244565,0.5524775344271706,0.5157610093869485,0.33741592918275115,0.7091506868703848,0.006285766248957447,6.3298377254251985,19.255818081647885,27.849065992581988,164.0,nan,0.4475769133158357,0.7564011376389563,1.0,nitrogen_limited,46.31647191121746,20,124.04978657278883,0.7297046268987578,0.27029537310124213,0.4475769133158357,0.47948023273647244,0.24359886236104367,120.49321740200236,7.03698613076515
BEER_stress_tolerant_ale_warm_high_gravity_wort_aerated_pitch,beer_wort,stress_tolerant,beer_style_x_wort_x_oxygen_x_strain:ale_warm_high_gravity_wort_aerated_pitch,240.0,0.05,2.0,22.0,0.0,25.0,0.0,5.2,0.08,0.0,0.0,0.03,170.0,164.0,164.0,0.0,50.52793238262301,44.52793238262301,119.472067617377,53.47108891727838,57.283626704286924,0.010569205704306181,4.5141993559406695,5.037104583097995,0.5462722719302816,4.859268753627238,4.859268753627238,0.16624826784754804,0.1406422240585254,0.1323773134892604,0.49309185325323845,0.46032040152590614,0.29907070352950865,0.6273875890139704,0.005534661717257925,5.366009180828674,18.053916773189446,25.711984773047156,176.0,nan,0.4475614257261009,0.728488217179128,1.0,nitrogen_limited,44.492405081326396,21,119.472067617377,0.7027768683375117,0.29722313166248826,0.4475614257261009,0.47947296675022244,0.271511782820872,116.33809247659357,6.77707083869181
MALT_ale_like_low_mash_55C_ale18_standard_grist,malt_mash_wort,ale_like,malt_mash_x_ferment_x_grist:low_mash_55C_ale18_standard_grist,168.0,0.02,1.0,18.0,2.0,55.0,2.0,5.4,0.04,0.7,0.45,0.55,172.0,0.0,43.18420173733579,43.18420173733579,123.11444184417579,0.00033829575347788334,0.0,20.05742254805852,21.047977471878955,1.1633663936889574e-06,1.276891121202557,1.719623581135132,0.18533884609766263,5.287406797668146,5.287406797668146,0.43551103827281173,0.1369276919681203,0.11970856754671888,0.32267859430108636,0.3075964669880431,0.0,0.3212146092992421,0.005220233739849639,4.755893839578125,12.781566628270387,17.90253764873517,nan,nan,nan,0.9996617042465221,0.0,mash_starch_conversion_limited,12.813975830580722,18,48.885558155824214,0.284218361371071,0.715781638628929,0.41029341393883384,0.4305561451254762,7.833785038693971e-06,43.010362447170266,2.5421321353686337
MALT_ale_like_low_mash_55C_ale18_heavy_grist,malt_mash_wort,ale_like,malt_mash_x_ferment_x_grist:low_mash_55C_ale18_heavy_grist,168.0,0.02,1.0,18.0,2.0,55.0,2.0,5.4,0.04,0.7,0.45,0.55,242.0,0.0,59.03860778538434,59.03860778538434,178.18538022329508,3.1572447137904396,0.0,25.964247830527384,27.241137553915426,0.004115294999375568,1.8145922334675042,2.231048145852828,0.2396808169577673,5.254304470246151,5.254304470246151,0.43763520921647986,0.1416206238120547,0.13875428636301573,0.36108557482955916,0.34420825500614693,0.0,0.3165748921896063,0.005143462647289734,4.738919970261989,14.248158040836728,19.923881970109687,nan,nan,nan,-2.1572447137904396,0.0,mash_starch_conversion_limited,15.99376898193191,15,63.814619776704916,0.2636967759367972,0.7363032240632028,0.40686989786007394,0.426879258220694,0.05347762815254004,55.6761143472534,3.290779192715765
MALT_ale_like_low_mash_55C_ale22_standard_grist,malt_mash_wort,ale_like,malt_mash_x_ferment_x_grist:low_mash_55C_ale22_standard_grist,168.0,0.02,1.0,22.0,2.0,55.0,2.0,5.4,0.04,0.7,0.45,0.55,172.0,0.0,43.18420173733579,43.18420173733579,123.1135780857427,0.0003682658600289355,0.0,20.075893315805573,21.056852347537678,1.2662737297358365e-06,1.2736772700732992,1.7196675659835852,0.18504163097411333,5.287412286166642,5.287412286166642,0.43551103827281173,0.13693708990420186,0.11987425983379182,0.3226914892600252,0.3077592440604704,0.0,0.3213087979545947,0.005221548396538709,4.755564472588426,12.803638900105954,17.919640378345655,nan,nan,nan,0.9996317341399711,0.0,mash_starch_conversion_limited,12.822391327078865,17,48.8864219142573,0.28422338322242613,0.7157766167775739,0.4106639948208321,0.43073007847597516,8.52779130360869e-06,43.03745486030095,2.5444731705710484
MALT_ale_like_low_mash_55C_ale22_heavy_grist,malt_mash_wort,ale_like,malt_mash_x_ferment_x_grist:low_mash_55C_ale22_heavy_grist,168.0,0.02,1.0,22.0,2.0,55.0,2.0,5.4,0.04,0.7,0.45,0.55,242.0,0.0,59.03860778538434,59.03860778538434,178.2131068085951,3.186223551988235,0.0,25.974271075234167,27.238334664072095,0.004108896321808178,1.8085008199967623,2.2299774066477918,0.23918028668572314,5.25438660580754,5.25438660580754,0.43763520921647986,0.14163461824418913,0.13892081006660228,0.36113716681120067,0.3444258539943741,0.0,0.31666581131459964,0.005144774188405479,4.738121480995384,14.27385312159805,19.945054913240575,nan,nan,nan,-2.186223551988235,0.0,mash_starch_conversion_limited,15.994952251813965,14,63.786893191404914,0.26358220327026827,0.7364177967297317,0.40720389057503303,0.42702087060954985,0.05396847370742065,55.68176343263978,3.2920495659358897
MALT_stress_tolerant_low_mash_55C_robust25_standard_grist,malt_mash_wort,stress_tolerant,malt_mash_x_ferment_x_grist:low_mash_55C_robust25_standard_grist,168.0,0.02,1.0,25.0,2.0,55.0,2.0,5.4,0.04,0.7,0.45,0.55,172.0,0.0,43.18420173733579,43.18420173733579,123.10495045910764,0.00011588501024819539,0.0,20.09470344264967,21.06778240468188,4.628811677961119e-07,1.7311130297881696,1.690652191430825,0.18482320567134172,5.287398217057598,5.287398217057598,0.39432300772388307,0.07955673852360406,0.11756545688027625,0.41492182620099616,0.39586713433434717,0.0,0.3950802632279056,0.00644160847543491,6.455656487582934,15.446953699823519,20.094630952347526,nan,nan,nan,0.9998841149897518,0.0,mash_starch_conversion_limited,12.914267260452776,16,48.89504954089236,0.28427354384239745,0.7157264561576026,0.410976236476535,0.43087761649698864,2.6835047444678045e-06,43.03796124443372,2.5468572170658645
MALT_stress_tolerant_low_mash_55C_robust25_heavy_grist,malt_mash_wort,stress_tolerant,malt_mash_x_ferment_x_grist:low_mash_55C_robust25_heavy_grist,168.0,0.02,1.0,25.0,2.0,55.0,2.0,5.4,0.04,0.7,0.45,0.55,242.0,0.0,59.03860778538434,59.03860778538434,175.01532304411145,0.00011442509539095917,0.0,27.47719167370495,28.804923418938095,6.442750502231258e-07,2.4122263043719085,2.3185344177290816,0.252597910211134,5.246059558958316,5.246059558958316,0.3964471786675512,0.0830463162624197,0.13648284340261646,0.4656482673784872,0.4442640808019709,0.0,0.389453829196999,0.0063477014353570185,6.533728310884203,17.111038260223076,26.948666274329657,nan,nan,nan,0.999885574904609,0.0,mash_starch_conversion_limited,17.137376633961708,13,66.98467695588855,0.2767961857681345,0.7232038142318655,0.41020115229934634,0.430022577221758,1.938140137160998e-06,58.85324742058326,3.4825337989486633
MALT_ale_like_standard_mash_62C_ale18_standard_grist,malt_mash_wort,ale_like,malt_mash_x_ferment_x_grist:standard_mash_62C_ale18_standard_grist,168.0,0.02,1.0,18.0,2.0,62.0,2.0,5.4,0.04,0.95,0.65,0.55,172.0,0.0,101.19107685061883,101.19107685061883,108.73039939923233,49.449043454513586,0.0,24.04070205716603,25.223154725641255,0.0037220195720468804,1.551901434452365,2.0981561849374395,0.22193135605720113,5.265096568318083,5.265096568318083,0.4486020963542339,0.1589913201938866,0.13671468389087976,0.3418707807941779,0.3258915915409517,0.0,0.2870480232965163,0.0046568134294570135,4.128104261181527,14.208209543433698,19.0422160367003,nan,nan,nan,-48.449043454513586,1.0,nitrogen_limited,42.40944838788685,6,63.269600600767674,0.3678465151207423,0.6321534848792577,0.37997240110401986,0.39866151336721434,0.48866999930746546,51.58394432380192,3.046983784178204
MALT_ale_like_standard_mash_62C_ale18_heavy_grist,malt_mash_wort,ale_like,malt_mash_x_ferment_x_grist:standard_mash_62C_ale18_heavy_grist,168.0,0.02,1.0,18.0,2.0,62.0,2.0,5.4,0.04,0.95,0.65,0.55,242.0,0.0,141.15784368033277,141.15784368033277,171.3325271998989,86.69195266366718,0.0,25.306841956173955,26.551245452511363,0.0033156036508691093,1.5155984457926153,2.2377968788156815,0.23360524264836346,5.257995050093858,5.257995050093858,0.45591631514897035,0.17403480294432894,0.14043102997142543,0.3710328978912685,0.3536906382245064,0.0,0.26798926562457576,0.004343642206670474,3.7639382820988163,15.914685198939784,20.693678432992247,nan,nan,nan,-85.69195266366718,1.0,nitrogen_limited,53.43737264214223,3,70.66747280010111,0.29201435041364093,0.707985649586359,0.35811160288355104,0.3757208854435414,0.6141490292242668,54.32948953014936,3.2074577891221745
MALT_ale_like_standard_mash_62C_ale22_standard_grist,malt_mash_wort,ale_like,malt_mash_x_ferment_x_grist:standard_mash_62C_ale22_standard_grist,168.0,0.02,1.0,22.0,2.0,62.0,2.0,5.4,0.04,0.95,0.65,0.55,172.0,0.0,101.19107685061883,101.19107685061883,108.7377561898637,49.45718309034448,0.0,24.05853633228972,25.229520614763512,0.003711950485620256,1.5472954183058487,2.0978811284037397,0.22154628277679211,5.26512475769257,5.26512475769257,0.4486020963542339,0.15900244942276828,0.13690284018332696,0.34195532630713643,0.3261316410046007,0.0,0.28713653976313697,0.004658088602398034,4.127559367517646,14.23603398700412,19.068036125007907,nan,nan,nan,-48.45718309034448,1.0,nitrogen_limited,42.416590996816744,5,63.2622438101363,0.3678037430821878,0.6321962569178122,0.38029849849294944,0.3988085008568898,0.48875043758408254,51.60748435823376,3.0492441485791786
MALT_ale_like_standard_mash_62C_ale22_heavy_grist,malt_mash_wort,ale_like,malt_mash_x_ferment_x_grist:standard_mash_62C_ale22_heavy_grist,168.0,0.02,1.0,22.0,2.0,62.0,2.0,5.4,0.04,0.95,0.65,0.55,242.0,0.0,141.15784368033277,141.15784368033277,171.3224892377061,86.68302638749141,0.0,25.333862997090417,26.566601470800546,0.003308222241569514,1.5117728889731747,2.238227058161897,0.23327610151841718,5.257978425879167,5.257978425879167,0.45591631514897035,0.17404913296561642,0.1406440597401843,0.3710614268621981,0.3538908623701946,0.0,0.2680698618933515,0.004344883475516593,3.763500165167219,15.947569900634813,20.726107191274316,nan,nan,nan,-85.68302638749141,1.0,nitrogen_limited,53.45073666601777,2,70.6775107622939,0.2920558295962558,0.7079441704037442,0.3584430566930196,0.37588479254950913,0.6140857930912753,54.37196762757128,3.210882509136935
MALT_stress_tolerant_standard_mash_62C_robust25_standard_grist,malt_mash_wort,stress_tolerant,malt_mash_x_ferment_x_grist:standard_mash_62C_robust25_standard_grist,168.0,0.02,1.0,25.0,2.0,62.0,2.0,5.4,0.04,0.95,0.65,0.55,172.0,0.0,101.19107685061883,101.19107685061883,78.98612655626091,19.712814881519197,0.0,37.922755590726965,39.75179755983367,0.010399978157221828,3.611958991904583,3.2510581634012525,0.3484711831771262,5.187574146971583,5.187574146971583,0.40789237569187636,0.09958972883865812,0.16215417873825785,0.4494448071794839,0.42880465767006726,0.0,0.35297428700210237,0.005747923940326978,5.720481175593387,16.809451965445742,25.686820438678815,nan,nan,nan,-18.712814881519197,0.0,balanced_or_slow,52.30710466047055,4,93.01387344373909,0.5407783339752272,0.45922166602477277,0.40771074450162686,0.4273749290086083,0.19480783775648342,81.274082497139,4.806432901232822
MALT_stress_tolerant_standard_mash_62C_robust25_heavy_grist,malt_mash_wort,stress_tolerant,malt_mash_x_ferment_x_grist:standard_mash_62C_robust25_heavy_grist,168.0,0.02,1.0,25.0,2.0,62.0,2.0,5.4,0.04,0.95,0.65,0.55,242.0,0.0,141.15784368033277,141.15784368033277,144.0392175810438,59.41006413844929,0.0,38.05024541935798,39.88507797814654,0.009104929973720078,3.4615976599636276,3.328087614507743,0.34962672814979723,5.186863730510176,5.186863730510176,0.4152065944866128,0.11470442541969517,0.1627977535728488,0.4960069332631303,0.47322847703003923,0.0,0.3296142976951627,0.005359775032912552,5.244584582345849,18.54658353929737,27.059812592792262,nan,nan,nan,-58.41006413844929,1.0,nitrogen_limited,62.52852079616236,1,97.9607824189562,0.4047966215659347,0.5952033784340653,0.3884232493838774,0.40715352606686056,0.4208768183863011,81.61303774016206,4.822591307903419
MALT_ale_like_hot_mash_68C_ale18_standard_grist,malt_mash_wort,ale_like,malt_mash_x_ferment_x_grist:hot_mash_68C_ale18_standard_grist,168.0,0.02,1.0,18.0,2.0,68.0,2.0,5.4,0.04,0.85,0.5,0.55,172.0,0.0,63.936486040921395,63.936486040921395,113.54042421877682,13.349974237792058,0.0,23.50372811640247,24.659822853697392,0.004188172980822034,1.6347365129204325,2.025443062855107,0.2169766662089982,5.268109221453743,5.268109221453743,0.43941277582609556,0.1448928417561268,0.13472027044193557,0.320675663428422,0.3056871189752419,0.0,0.3071282053226431,0.0049858276751035945,4.489327893641552,12.952345450008607,17.99043282002964,nan,nan,nan,-12.349974237792058,0.0,mash_starch_conversion_limited,24.844419912890334,12,58.45957578122318,0.33988125454199525,0.6601187454580048,0.4020509523428959,0.421826920981831,0.20880056231503946,50.405970699163966,2.97892625049461
MALT_ale_like_hot_mash_68C_ale18_heavy_grist,malt_mash_wort,ale_like,malt_mash_x_ferment_x_grist:hot_mash_68C_ale18_heavy_grist,168.0,0.02,1.0,18.0,2.0,68.0,2.0,5.4,0.04,0.85,0.5,0.55,242.0,0.0,88.30004307200242,88.30004307200242,177.29913178697132,34.604966127436995,0.0,24.94889682320492,26.17558417444761,0.004125200902303661,1.656785806598727,2.1667453803778423,0.23029595971756703,5.260004792368649,5.260004792368649,0.4430391718113855,0.1535359825459834,0.13819740509623543,0.35195097907044826,0.33550060997652054,0.0,0.29624585842938383,0.004805076486983492,4.316064255286505,14.346481351782646,19.48420374198593,nan,nan,nan,-33.604966127436995,1.0,mash_starch_conversion_limited,28.80004879478398,10,64.70086821302868,0.2673589595579698,0.7326410404420303,0.3856037409121043,0.4045631055253241,0.3919020299822402,53.52152233774794,3.162090852117227
MALT_ale_like_hot_mash_68C_ale22_standard_grist,malt_mash_wort,ale_like,malt_mash_x_ferment_x_grist:hot_mash_68C_ale22_standard_grist,168.0,0.02,1.0,22.0,2.0,68.0,2.0,5.4,0.04,0.85,0.5,0.55,172.0,0.0,63.936486040921395,63.936486040921395,113.56611519764364,13.3766744941581,0.0,23.51253338778554,24.6570049103286,0.00417516821323739,1.629190886976164,2.0244437744564316,0.2165211219808825,5.268185071349529,5.268185071349529,0.43941277582609556,0.14490339641813327,0.13487788046796514,0.32072054684915585,0.30587947366501655,0.0,0.3072174551288052,0.004987124349204742,4.488929883467839,12.975861252335426,18.01028543102339,nan,nan,nan,-12.3766744941581,0.0,mash_starch_conversion_limited,24.845299367548698,11,58.43388480235636,0.33973188838579277,0.6602681116142072,0.402378405394628,0.42196415647748103,0.20921816825523695,50.41050319455145,2.9800422544721847
MALT_ale_like_hot_mash_68C_ale22_heavy_grist,malt_mash_wort,ale_like,malt_mash_x_ferment_x_grist:hot_mash_68C_ale22_heavy_grist,168.0,0.02,1.0,22.0,2.0,68.0,2.0,5.4,0.04,0.85,0.5,0.55,242.0,0.0,88.30004307200242,88.30004307200242,177.3140819772014,34.62134106026926,0.0,24.9639598130473,26.178586240386373,0.004113132808715503,1.6515731874556605,2.1661690365064556,0.2298649888086633,5.260053272761238,5.260053272761238,0.4430391718113855,0.15354836947673559,0.13837225617697368,0.35198803339463325,0.33570008443660804,0.0,0.2963323615056182,0.0048063365364237245,4.315417094842818,14.37394755100214,19.508965059088755,nan,nan,nan,-33.62134106026926,1.0,mash_starch_conversion_limited,28.805033117385438,9,64.6859180227986,0.26729718191239094,0.7327028180876091,0.38592572504341255,0.4047030179143428,0.3920874764697228,53.538580078748794,3.163999976305108
MALT_stress_tolerant_hot_mash_68C_robust25_standard_grist,malt_mash_wort,stress_tolerant,malt_mash_x_ferment_x_grist:hot_mash_68C_robust25_standard_grist,168.0,0.02,1.0,25.0,2.0,68.0,2.0,5.4,0.04,0.85,0.5,0.55,172.0,0.0,63.936486040921395,63.936486040921395,100.18013442593633,8.124891187816451e-05,0.0,29.756959978994416,31.19385807862567,5.282040792985255e-07,2.728419732228558,2.5136210033508886,0.27351152952422886,5.233297536800661,5.233297536800661,0.3987155930409569,0.08567062655213448,0.14373698995765102,0.41544340370987864,0.39636475982303754,0.0,0.3777231230555624,0.006150723443835528,6.143233636503014,15.586919120138592,24.92164109309682,nan,nan,nan,0.9999187510881218,0.0,mash_starch_conversion_limited,29.343003391767848,8,71.81986557406367,0.4175573579887423,0.5824426420112577,0.4143277036394309,0.4343346764755115,1.2707753727060102e-06,63.7379505904952,3.771477817363044
MALT_stress_tolerant_hot_mash_68C_robust25_heavy_grist,malt_mash_wort,stress_tolerant,malt_mash_x_ferment_x_grist:hot_mash_68C_robust25_heavy_grist,168.0,0.02,1.0,25.0,2.0,68.0,2.0,5.4,0.04,0.85,0.5,0.55,242.0,0.0,88.30004307200242,88.30004307200242,146.0626818234265,3.383141342986877,0.0,39.52580485667962,41.43218212798502,0.00987956708319879,3.807658203502696,3.3639153593373172,0.36320240920407953,5.178594403330172,5.178594403330172,0.40234198902624685,0.09410938734607713,0.16393860822768014,0.4594627039826893,0.43836246102219256,0.0,0.3640766661133672,0.005933220995691684,5.9820554108690525,17.04625903750514,26.512701907009102,nan,nan,nan,-2.383141342986877,0.0,mash_starch_conversion_limited,39.18942577104325,7,95.93731817657351,0.39643519907675007,0.6035648009232499,0.4119961408962049,0.4318672120032448,0.03831415280543142,84.68510475320603,5.009607713140636
