environment_type,rank_within_environment,condition_id,strain,design_axis,environment_objective_score,final_ethanol_g_L,final_co2_g_L,retained_co2_4h_g_L,co2_4h_g_L,final_fermentable_sugar_g_L,final_carbohydrate_g_L,total_carbohydrate_consumed_g_L,total_carbohydrate_conversion_fraction,ethanol_yield_per_total_carbohydrate_consumed_g_g,final_pH,max_stress,mean_activity,dominant_failure_mode
beer_wort,1,BEER_ale_like_ale_warm_standard_wort_low_o2,ale_like,beer_style_x_wort_x_oxygen_x_strain:ale_warm_standard_wort_low_o2,54.20034532214124,49.177679561645,51.6386560497182,0.007330372450972468,0.8266941630804081,7.079577501138822e-12,4.00000000000708,105.99999999999292,0.9636363636362993,0.463940373223097,4.8984765512903605,0.13421341027733422,0.11737160990746474,completed
beer_wort,2,BEER_ale_like_ale_cool_standard_wort_low_o2,ale_like,beer_style_x_wort_x_oxygen_x_strain:ale_cool_standard_wort_low_o2,54.179299273464906,49.12371218430971,51.613337312048834,0.007330314643955273,0.8265274166180536,7.131769522925106e-12,4.000000000007132,105.99999999999287,0.9636363636362988,0.4634312470218209,4.898452125049995,0.13421341027733422,0.11717531855818461,completed
beer_wort,3,BEER_lager_like_lager_cool_standard_wort_low_o2,lager_like,beer_style_x_wort_x_oxygen_x_strain:lager_cool_standard_wort_low_o2,54.16941575837028,49.04337049853057,51.57564468115956,0.0053775216747646345,0.6147259398891161,1.5377648503207151e-06,4.000001537764851,105.99999846223515,0.9636363496566832,0.4626733133020125,4.898415766199409,0.10530746864614568,0.16655279067878395,completed
beer_wort,4,BEER_stress_tolerant_ale_warm_standard_wort_low_o2,stress_tolerant,beer_style_x_wort_x_oxygen_x_strain:ale_warm_standard_wort_low_o2,54.15426969797462,49.17835546193088,51.638973147633365,0.00644212932087369,0.7307653835485772,1.0687954364879817e-11,4.000000000010688,105.99999999998931,0.9636363636362665,0.4639467496409041,4.898476857210234,0.14304826784754807,0.12636755302841488,completed
beer_wort,5,BEER_ale_like_ale_warm_standard_wort_aerated_pitch,ale_like,beer_style_x_wort_x_oxygen_x_strain:ale_warm_standard_wort_aerated_pitch,53.522061460202906,47.43844309270453,50.82269511060148,0.0073759689063738225,0.8229443295471176,7.2118791571212715e-12,4.000000000007212,105.99999999999278,0.963636363636298,0.447532482006677,4.897689353352361,0.13421341027733422,0.10928985094887726,completed
bread_dough,1,BREAD_baker_like_standard_sugar_30C,baker_like,bread_temp_x_sugar_x_strain:30.0_standard_sugar,7.105578590414916,11.62610369507589,12.530390863575846,2.6887370748818733,6.6320761370903725,3.92118647076673,123.69696996781731,26.30303003218269,0.1753535335478846,0.44200625102320684,5.54115257411067,0.024853082838850155,0.5484767453026326,proof_sugar_depleted
bread_dough,2,BREAD_baker_like_low_sugar_30C,baker_like,bread_temp_x_sugar_x_strain:30.0_low_sugar,6.918800776878731,6.704656629555669,7.235226676734663,2.603286788073436,6.52712621462078,0.0029507774604838138,129.77483628685124,15.22516371314876,0.10500112905619835,0.440366800375709,5.56598160952708,0.018853082838850153,0.36871563514199446,proof_sugar_depleted
bread_dough,3,BREAD_baker_like_sweet_dough_30C,baker_like,bread_temp_x_sugar_x_strain:30.0_sweet_dough,6.397828552208196,11.33155332344506,12.213797786917869,2.4320178200477574,6.004477465665748,37.58078840826703,137.364905518454,25.63509448154599,0.1572705182916932,0.4420328285352074,5.542635681797286,0.03805308283885015,0.5401087867833932,proof_residual_sugar_expected
bread_dough,4,BREAD_baker_like_low_sugar_35C,baker_like,bread_temp_x_sugar_x_strain:35.0_low_sugar,5.439468274134577,6.77537772698623,7.277816898562167,2.098847312241574,5.232102525478967,0.004485223786596956,129.73030489447322,15.269695105526779,0.10530824210708123,0.44371401525456267,5.565926265272193,0.07802145363007916,0.3725127900147008,proof_sugar_depleted
bread_dough,5,BREAD_baker_like_standard_sugar_35C,baker_like,bread_temp_x_sugar_x_strain:35.0_standard_sugar,5.391998466136962,10.44174523735807,11.210220200573298,2.088398623122529,5.17630934921514,6.793940336707702,126.52480546471365,23.47519453528635,0.156501296901909,0.4447990930027325,5.54754054429569,0.08402145363007915,0.5144138122592264,proof_sugar_depleted
malt_mash_wort,1,MALT_stress_tolerant_standard_mash_62C_robust25_heavy_grist,stress_tolerant,malt_mash_x_ferment_x_grist:standard_mash_62C_robust25_heavy_grist,62.52852079616236,38.05024541935798,39.88507797814654,0.005359775032912552,0.3296142976951627,59.41006413844929,144.0392175810438,97.9607824189562,0.4047966215659347,0.3884232493838774,5.186863730510176,0.4152065944866128,0.1627977535728488,nitrogen_limited
malt_mash_wort,2,MALT_ale_like_standard_mash_62C_ale22_heavy_grist,ale_like,malt_mash_x_ferment_x_grist:standard_mash_62C_ale22_heavy_grist,53.45073666601777,25.333862997090417,26.566601470800546,0.004344883475516593,0.2680698618933515,86.68302638749141,171.3224892377061,70.6775107622939,0.2920558295962558,0.3584430566930196,5.257978425879167,0.45591631514897035,0.1406440597401843,nitrogen_limited
malt_mash_wort,3,MALT_ale_like_standard_mash_62C_ale18_heavy_grist,ale_like,malt_mash_x_ferment_x_grist:standard_mash_62C_ale18_heavy_grist,53.43737264214223,25.306841956173955,26.551245452511363,0.004343642206670474,0.26798926562457576,86.69195266366718,171.3325271998989,70.66747280010111,0.29201435041364093,0.35811160288355104,5.257995050093858,0.45591631514897035,0.14043102997142543,nitrogen_limited
malt_mash_wort,4,MALT_stress_tolerant_standard_mash_62C_robust25_standard_grist,stress_tolerant,malt_mash_x_ferment_x_grist:standard_mash_62C_robust25_standard_grist,52.30710466047055,37.922755590726965,39.75179755983367,0.005747923940326978,0.35297428700210237,19.712814881519197,78.98612655626091,93.01387344373909,0.5407783339752272,0.40771074450162686,5.187574146971583,0.40789237569187636,0.16215417873825785,balanced_or_slow
malt_mash_wort,5,MALT_ale_like_standard_mash_62C_ale22_standard_grist,ale_like,malt_mash_x_ferment_x_grist:standard_mash_62C_ale22_standard_grist,42.416590996816744,24.05853633228972,25.229520614763512,0.004658088602398034,0.28713653976313697,49.45718309034448,108.7377561898637,63.2622438101363,0.3678037430821878,0.38029849849294944,5.26512475769257,0.4486020963542339,0.13690284018332696,nitrogen_limited
rice_wine,1,RICE_stress_tolerant_strong_koji_25C,stress_tolerant,rice_temp_x_saccharification_x_strain:25.0_strong_koji,83.05888292043248,87.81601118639563,92.16727803507382,0.02231427242501245,0.9799748253196447,6.6850414168915515,20.825400191893582,206.17459980810642,0.9082581489343895,0.42593030988360797,3.742522068345075,0.22670104419733775,0.19178949838264653,completed
rice_wine,2,RICE_stress_tolerant_strong_koji_30C,stress_tolerant,rice_temp_x_saccharification_x_strain:30.0_strong_koji,81.43486860367436,87.64041989510734,91.91272132992079,0.021301767905739524,0.9375648917768162,14.143380700463917,22.017833650242782,204.98216634975722,0.9030051381046573,0.42755143755075814,3.7448100858127207,0.2413280233185285,0.19288568051388086,balanced_or_slow
rice_wine,3,RICE_rice_wine_like_strong_koji_25C,rice_wine_like,rice_temp_x_saccharification_x_strain:25.0_strong_koji,81.18546919228864,86.41907908006425,90.70188462612661,0.028862860957554855,1.2441880723650645,8.13905293633266,23.35932056861806,203.64067943138195,0.8970955041030042,0.42437041224459143,3.752970411814938,0.2561989789090716,0.16774789189202158,completed
rice_wine,4,RICE_stress_tolerant_standard_nuruk_30C,stress_tolerant,rice_temp_x_saccharification_x_strain:30.0_standard_nuruk,80.07853256221419,84.90274234331496,89.04167668263402,0.021134852564555294,0.9325367721547911,5.246363724188581,27.27650992407861,199.7234900759214,0.8798391633300502,0.4251014355449159,3.7652754165229907,0.2263386992176658,0.19119504778546417,completed
rice_wine,5,RICE_stress_tolerant_standard_nuruk_25C,stress_tolerant,rice_temp_x_saccharification_x_strain:25.0_standard_nuruk,77.48375558830733,81.72524810715242,85.77496619252871,0.022147153679194755,0.9751044312441896,0.4828049130264939,34.093758469232434,192.90624153076757,0.849807231413073,0.4236526898178028,3.7881201465612846,0.1991325416310097,0.18647880462135544,completed
