environment_type,grouping,level,n,mean_objective_score,max_objective_score,mean_final_ethanol_g_L,mean_max_stress,top_condition_id,failure_mode_counts
bread_dough,strain,baker_like,9,4.489631958034725,7.105578590414916,7.456670040955294,0.11741169150874309,BREAD_baker_like_standard_sugar_30C,proof_sugar_depleted:5; proof_residual_sugar_expected:4
bread_dough,strain,fast_fermenter,9,2.0446948311691204,3.7962336373637804,4.689590080491435,0.23922255243326906,BREAD_fast_fermenter_low_sugar_30C,proof_residual_sugar_expected:6; proof_sugar_depleted:3
bread_dough,strain,stress_tolerant,9,1.5161106471631756,2.1262070582764188,3.5167623323059156,0.1841823185600446,BREAD_stress_tolerant_low_sugar_30C,proof_residual_sugar_expected:6; proof_sugar_depleted:3
bread_dough,fermentation_temp_C,30.0,9,4.14129721858961,7.105578590414916,7.131767243611698,0.10010195155481631,BREAD_baker_like_standard_sugar_30C,proof_residual_sugar_expected:5; proof_sugar_depleted:4
bread_dough,fermentation_temp_C,35.0,9,2.6986438041196665,5.439468274134577,5.396264701505173,0.19048577339407916,BREAD_baker_like_low_sugar_35C,proof_residual_sugar_expected:5; proof_sugar_depleted:4
bread_dough,fermentation_temp_C,22.0,9,1.2104964136577434,1.721904351704644,3.1349905086357737,0.2502288375531613,BREAD_stress_tolerant_low_sugar_22C,proof_residual_sugar_expected:6; proof_sugar_depleted:3
bread_dough,sugar_regime,low_sugar,9,2.8094853394210495,6.918800776878731,4.662609543674082,0.17187218750068559,BREAD_baker_like_low_sugar_30C,proof_sugar_depleted:9
bread_dough,sugar_regime,standard_sugar,9,2.7786758924690798,7.105578590414916,5.711036427194973,0.1778721875006856,BREAD_baker_like_standard_sugar_30C,proof_residual_sugar_expected:7; proof_sugar_depleted:2
bread_dough,sugar_regime,sweet_dough,9,2.462276204476891,6.397828552208196,5.289376482883589,0.19107218750068558,BREAD_baker_like_sweet_dough_30C,proof_residual_sugar_expected:9
rice_wine,strain,stress_tolerant,9,59.026704220952176,83.05888292043248,67.88557064182315,0.21391420387842178,RICE_stress_tolerant_strong_koji_25C,saccharification_limited:5; completed:3; balanced_or_slow:1
rice_wine,strain,rice_wine_like,9,51.487861629749986,81.18546919228864,62.96085431453227,0.23725009822879178,RICE_rice_wine_like_strong_koji_25C,saccharification_limited:5; completed:2; nitrogen_limited:2
rice_wine,strain,fast_fermenter,9,19.662917522450865,56.881461179855016,42.68064923353803,0.38099101147458164,RICE_fast_fermenter_strong_koji_30C,saccharification_limited:4; nitrogen_limited:2; ethanol_inhibited:2; balanced_or_slow:1
rice_wine,fermentation_temp_C,25.0,9,61.759656629918396,83.05888292043248,70.80340383223648,0.26561911452359244,RICE_stress_tolerant_strong_koji_25C,completed:4; saccharification_limited:3; nitrogen_limited:1; ethanol_inhibited:1
rice_wine,fermentation_temp_C,30.0,9,61.30179661557206,81.43486860367436,71.84420051663243,0.27705502172050495,RICE_stress_tolerant_strong_koji_30C,saccharification_limited:3; nitrogen_limited:3; completed:1; balanced_or_slow:1; ethanol_inhibited:1
rice_wine,fermentation_temp_C,18.0,9,7.1160301276625795,33.62374926771752,30.87946984102454,0.28948117733769785,RICE_stress_tolerant_strong_koji_18C,saccharification_limited:8; balanced_or_slow:1
rice_wine,saccharification_strength,strong_koji,9,48.57491573699623,83.05888292043248,64.5244202835304,0.3119840250667074,RICE_stress_tolerant_strong_koji_25C,saccharification_limited:2; balanced_or_slow:2; completed:2; ethanol_inhibited:2; nitrogen_limited:1
rice_wine,saccharification_strength,standard_nuruk,9,44.76360726910198,80.07853256221419,59.50493874820648,0.2846880630089986,RICE_stress_tolerant_standard_nuruk_30C,saccharification_limited:3; completed:3; nitrogen_limited:3
rice_wine,saccharification_strength,weak_nuruk,9,36.83896036705482,65.40707873446867,49.497715158156566,0.23548322550608913,RICE_stress_tolerant_weak_nuruk_30C,saccharification_limited:9
beer_wort,strain,ale_like,12,49.04470128298307,54.20034532214124,44.631514450504085,0.1370134102773342,BEER_ale_like_ale_warm_standard_wort_low_o2,completed:8; nitrogen_limited:4
beer_wort,strain,lager_like,6,45.516724570198264,54.16941575837028,40.37081349932689,0.10810746864614566,BEER_lager_like_lager_cool_standard_wort_low_o2,completed:4; nitrogen_limited:2
beer_wort,strain,stress_tolerant,18,29.275559915318716,54.15426969797462,26.142502988365464,0.2481326933368975,BEER_stress_tolerant_ale_warm_standard_wort_low_o2,balanced_or_slow:6; completed:6; nitrogen_limited:6
beer_wort,fermentation_temp_C,22.0,12,48.78440327662412,54.20034532214124,44.38364222021041,0.14143083906244114,BEER_ale_like_ale_warm_standard_wort_low_o2,completed:8; nitrogen_limited:4
beer_wort,fermentation_temp_C,18.0,12,40.93280086250849,54.179299273464906,36.30173971099278,0.18964377012845643,BEER_ale_like_ale_cool_standard_wort_low_o2,completed:6; nitrogen_limited:6
beer_wort,fermentation_temp_C,12.0,12,25.999199301927657,54.16941575837028,23.34529375151254,0.23219157541485574,BEER_lager_like_lager_cool_standard_wort_low_o2,balanced_or_slow:6; completed:4; nitrogen_limited:2
beer_wort,wort_strength,session_wort,12,42.22110907205186,48.725983263996206,27.457438950102688,0.17015539486858444,BEER_ale_like_ale_warm_session_wort_low_o2,completed:10; balanced_or_slow:2
beer_wort,wort_strength,standard_wort,12,42.041442673310314,54.20034532214124,37.95801601779436,0.18495539486858442,BEER_ale_like_ale_warm_standard_wort_low_o2,completed:8; balanced_or_slow:2; nitrogen_limited:2
beer_wort,wort_strength,high_gravity_wort,12,31.453851695698102,46.552047085341954,38.61522071481868,0.20815539486858442,BEER_ale_like_ale_cool_high_gravity_wort_aerated_pitch,nitrogen_limited:10; balanced_or_slow:2
beer_wort,oxygen_regime,aerated_pitch,18,38.75340259531023,53.522061460202906,34.49334799055671,0.18775539486858442,BEER_ale_like_ale_warm_standard_wort_aerated_pitch,completed:9; nitrogen_limited:6; balanced_or_slow:3
beer_wort,oxygen_regime,low_o2,18,38.390866365396626,54.20034532214124,34.860435797920445,0.18775539486858442,BEER_ale_like_ale_warm_standard_wort_low_o2,completed:9; nitrogen_limited:6; balanced_or_slow:3
malt_mash_wort,strain,stress_tolerant,6,35.569949752309746,62.52852079616236,32.1379434936856,0.40248778977285454,MALT_stress_tolerant_standard_mash_62C_robust25_heavy_grist,mash_starch_conversion_limited:4; balanced_or_slow:1; nitrogen_limited:1
malt_mash_wort,strain,ale_like,12,29.719503189739793,53.45073666601777,23.978408021065498,0.4433527677716628,MALT_ale_like_standard_mash_62C_ale22_heavy_grist,mash_starch_conversion_limited:8; nitrogen_limited:4
malt_mash_wort,mash_temp_C,62.0,6,51.09162902491608,62.52852079616236,29.118824058800843,0.43868929886414965,MALT_stress_tolerant_standard_mash_62C_robust25_heavy_grist,nitrogen_limited:5; balanced_or_slow:1
malt_mash_wort,mash_temp_C,68.0,6,29.304538392569924,39.18942577104325,27.701980496019043,0.4276602462236943,MALT_stress_tolerant_hot_mash_68C_robust25_heavy_grist,mash_starch_conversion_limited:6
malt_mash_wort,mash_temp_C,55.0,6,14.612788714303324,17.137376633961708,23.27395498099671,0.42284378022833624,MALT_stress_tolerant_low_mash_55C_robust25_heavy_grist,mash_starch_conversion_limited:6
malt_mash_wort,grist_strength,heavy_grist,9,35.03747062836029,62.52852079616236,28.616146938335632,0.43190857272600913,MALT_stress_tolerant_standard_mash_62C_robust25_heavy_grist,mash_starch_conversion_limited:6; nitrogen_limited:3
malt_mash_wort,grist_strength,standard_grist,9,28.301833459499264,52.30710466047055,24.780359418875435,0.4275536441514443,MALT_stress_tolerant_standard_mash_62C_robust25_standard_grist,mash_starch_conversion_limited:6; nitrogen_limited:2; balanced_or_slow:1
malt_mash_wort,fermentation_temp_C,25.0,6,35.569949752309746,62.52852079616236,32.1379434936856,0.40248778977285454,MALT_stress_tolerant_standard_mash_62C_robust25_heavy_grist,mash_starch_conversion_limited:4; balanced_or_slow:1; nitrogen_limited:1
malt_mash_wort,fermentation_temp_C,22.0,6,29.722500621110246,53.45073666601777,23.986509486875452,0.4433527677716628,MALT_ale_like_standard_mash_62C_ale22_heavy_grist,mash_starch_conversion_limited:4; nitrogen_limited:2
malt_mash_wort,fermentation_temp_C,18.0,6,29.716505758369337,53.43737264214223,23.970306555255547,0.4433527677716628,MALT_ale_like_standard_mash_62C_ale18_heavy_grist,mash_starch_conversion_limited:4; nitrogen_limited:2
